IDRem,IDDes,weight
00.611.256/0001-35,00.611.256/0001-35,11671.584000000003
01.079.172/0001-65,01.079.172/0001-65,22767.492099999934
01.079.172/0001-65,06.902.214/0001-30,40.0
01.079.172/0001-65,07.223.293/0001-15,619.551
01.079.172/0001-65,08.609.390/0001-03,2835.1226000000024
01.079.172/0001-65,17.577.288/0001-64,74.867
01.297.390/0001-76,01.297.390/0001-76,2825.5711
01.451.357/0001-59,01.451.357/0001-59,852.9256000000001
01.451.357/0001-59,11.909.349/0001-67,33.196
01.451.357/0001-59,84.621.101/0001-70,653.2666
02.069.459/0001-77,02.069.459/0001-77,9653.212499999998
02.093.134/0001-20,02.093.134/0001-20,9215.898000000001
02.113.916/0001-83,02.113.916/0001-83,5114.075900000025
02.113.916/0001-83,07.223.293/0001-15,63.58
02.113.916/0001-83,08.215.495/0001-88,3334.2008000000005
02.113.916/0001-83,11.766.646/0001-09,14309.888799999997
02.113.916/0001-83,14.608.707/0001-90,266.52869999999996
02.113.916/0001-83,15.858.889/0001-10,698.4380000000001
02.113.916/0001-83,17.713.234/0001-89,97.024
02.113.916/0001-83,63.773.253/0003-80,5390.5536
02.113.916/0001-83,84.604.537/0001-50,737.659
02.166.947/0001-00,02.166.947/0001-00,16886.14
02.313.406/0001-50,02.313.406/0001-50,604.6515
02.386.797/0001-32,04.242.657/0001-16,40.0
02.386.797/0001-32,07.835.262/0001-15,160.0
02.386.797/0001-32,15.809.486/0001-80,180.0
02.455.931/0001-00,07.401.031/0001-01,20.2686
02.455.931/0001-00,10.467.302/0001-28,4470.521999999999
02.455.931/0001-00,12.429.880/0001-03,85.71
02.455.931/0001-00,15.800.916/0001-01,107.251
02.455.931/0001-00,27.160.187/0001-47,63.340500000000006
02.455.931/0001-00,84.587.104/0001-34,94.6605
02.488.249/0001-13,02.488.249/0001-13,2748.0591999999997
02.488.249/0001-13,11.210.278/0001-00,489.687
02.831.001/0001-03,04.586.851/0001-19,5.1088000000000005
02.831.001/0001-03,14.191.660/0001-01,5.0
02.898.761/0001-38,02.898.761/0001-38,110.0131
03.003.606/0001-79,03.003.606/0001-79,43.489999999999995
03.381.978/0001-39,03.381.978/0001-39,384.895
03.381.978/0001-39,06.192.786/0001-72,3127.9001999999973
03.431.164/0001-61,02.488.249/0001-13,2090.64
03.431.164/0001-61,03.431.164/0001-61,15948.293000000018
03.431.164/0001-61,03.784.107/0001-66,1063.9820000000002
03.431.164/0001-61,06.032.582/0001-74,836.2070000000001
03.431.164/0001-61,34.478.149/0001-00,2125.0099999999998
03.540.779/0001-26,03.540.779/0001-26,3446.2504000000017
03.691.701/0001-02,03.691.701/0001-02,3310.2870000000003
03.691.701/0001-02,07.623.050/0001-74,966.1190000000004
03.691.701/0001-02,08.905.855/0001-73,3798.629600000003
03.691.701/0001-02,14.797.585/0001-27,212.882
03.691.701/0001-02,15.379.051/0001-43,3576.344999999999
03.691.701/0001-02,20.793.969/0001-74,300.0
03.691.701/0001-02,20.982.589/0001-88,200.0
03.691.701/0001-02,21.597.378/0001-94,198.046
03.691.701/0001-02,24.795.800/0001-04,680.0799999999998
03.691.701/0001-02,84.721.901/0001-62,903.1859999999995
03.694.935/0001-03,04.238.440/0001-32,227.57399999999998
03.957.205/0001-58,02.829.731/0001-70,998.7850000000003
03.957.205/0001-58,02.898.761/0001-38,199.76870000000002
03.957.205/0001-58,03.957.205/0001-58,19123.376299999964
03.957.205/0001-58,07.313.762/0001-97,950.0000000000001
03.957.205/0001-58,08.809.967/0001-20,139.14
03.957.205/0001-58,22.635.807/0001-33,100.0
03.957.205/0001-58,26.343.422/0001-53,1325.8899999999999
04.008.157/0001-14,02.313.406/0001-50,188.88299999999998
04.008.157/0001-14,04.008.157/0001-14,30.0
04.008.157/0001-14,22.795.132/0001-90,79.67999999999999
04.008.157/0001-14,77.294.254/0021-38,5432.0
04.193.033/0001-56,04.193.033/0001-56,345535.01259999815
04.193.033/0001-56,04.310.086/0001-00,416.12
04.193.033/0001-56,77.294.254/0021-38,35762.0
04.407.979/0001-78,09.622.005/0001-20,58.0
04.407.979/0001-78,77.294.254/0021-38,21090.0
04.428.458/0001-05,04.428.458/0001-05,659.2112
04.476.104/0001-28,04.476.104/0001-28,778.24
04.496.658/0001-97,04.496.658/0001-97,11095.157099999993
04.505.890/0001-44,00.825.256/0001-38,1378.9600000000003
04.505.890/0001-44,03.540.779/0001-26,995.02
04.505.890/0001-44,04.428.458/0001-05,167.40530000000004
04.505.890/0001-44,04.505.890/0001-44,8267.809000000025
04.505.890/0001-44,06.332.541/0001-01,116.215
04.505.890/0001-44,08.061.596/0001-41,1139.318
04.505.890/0001-44,RR732,400.0
04.522.986/0001-10,04.522.986/0001-10,3978.5780000000013
04.541.838/0001-43,04.522.986/0001-10,230.032
04.541.838/0001-43,04.541.838/0001-43,10140.45399999997
04.541.838/0001-43,75.558.817/0001-89,1143.576
04.541.838/0001-43,JRG653,67.6
04.607.462/0001-22,04.607.462/0001-22,3107.8979999999997
04.670.469/0001-99,06.346.425/0001-33,9135.895999999993
04.670.469/0001-99,19.693.053/0001-63,5454.680999999997
04.670.469/0001-99,20.793.969/0001-74,1932.0
04.670.469/0001-99,20.801.732/0001-98,24417.45209999994
04.670.469/0001-99,21.565.220/0001-32,228.0
04.670.469/0001-99,27.752.372/0001-20,900.0
04.670.469/0001-99,28.399.118/0001-53,645.9400000000002
04.670.469/0001-99,30.364.126/0001-06,1716.7169999999999
04.670.469/0001-99,31.973.780/0001-80,852.3999999999999
04.670.469/0001-99,84.621.101/0001-70,431.0
04.689.550/0001-10,04.689.550/0001-10,11658.368500000022
04.731.170/0001-05,04.642.220/0001-70,1186.1047999999998
04.799.938/0001-74,01.801.325/0001-36,1781.9877000000001
04.799.938/0001-74,04.799.938/0001-74,86.356
04.799.938/0001-74,07.623.050/0001-74,4109.802999999996
04.799.938/0001-74,08.905.855/0001-73,4838.5607
04.813.204/0001-00,04.813.204/0001-00,27770.8804
04.813.204/0001-00,10.638.689/0001-38,942.0
04.813.204/0001-00,11.909.349/0001-67,4983.170200000003
04.827.759/0001-01,04.310.717/0001-90,1271.2989
04.832.322/0002-39,04.832.322/0002-39,887.0
04.911.954/0001-07,04.911.954/0001-07,363.837
05.112.467/0001-47,05.112.467/0001-47,10670.0
05.192.138/0001-53,05.192.138/0001-53,1344.5154999999995
05.317.512/0001-08,04.963.376/0001-52,300.0
05.317.512/0001-08,05.317.512/0001-08,145138.1153999999
05.317.512/0001-08,07.728.416/0001-70,89.464
05.317.512/0001-08,10.539.400/0001-23,1881.609999999999
05.317.512/0001-08,11.909.349/0001-67,172.657
05.317.512/0001-08,18.394.143/0001-90,7909.615999999998
05.317.512/0001-08,18.852.726/0001-18,5365.945999999998
05.317.512/0001-08,19.678.293/0001-99,10699.873399999999
05.317.512/0001-08,19.693.053/0001-63,2080.000000000001
05.317.512/0001-08,20.267.013/0001-39,695.813
05.317.512/0001-08,21.565.220/0001-32,18696.377499999995
05.317.512/0001-08,24.795.800/0001-04,2237.545
05.317.512/0001-08,29.883.464/0001-75,24677.697999999982
05.430.233/0001-48,00.611.256/0001-35,1355.1009999999999
05.430.233/0001-48,04.428.458/0001-05,293.00100000000003
05.430.233/0001-48,04.505.890/0001-44,268.89
05.430.233/0001-48,04.689.550/0001-10,2146.2579999999994
05.430.233/0001-48,05.430.233/0001-48,1890.7378000000006
05.430.233/0001-48,08.215.495/0001-88,18317.282800000008
05.430.233/0001-48,11.602.746/0001-91,1442.56
05.430.233/0001-48,14.608.707/0001-90,1083.069
05.430.233/0001-48,15.858.889/0001-10,255.00500000000002
05.430.233/0001-48,26.841.286/0001-21,1143.27
05.430.233/0001-48,30.354.588/0001-42,775.004
05.491.702/0001-39,05.491.702/0001-39,83.85799999999999
05.724.722/0001-02,05.724.722/0001-02,1420.017
05.757.158/0001-24,05.757.158/0001-24,19782.883600000012
05.757.448/0001-78,05.757.448/0001-78,1699.1227000000008
05.880.117/0001-20,10.686.915/0001-56,35772.25199999993
05.880.117/0001-20,11.602.746/0001-91,2317.9880000000003
05.880.117/0001-20,14.608.707/0001-90,58.29
05.880.117/0001-20,17.713.234/0001-89,461.65400000000005
05.880.117/0001-20,29.908.468/0001-60,3596.5820000000012
05.952.031/0001-66,05.952.031/0001-66,696.76
05.971.999/0001-30,02.898.761/0001-38,75.492
05.971.999/0001-30,05.971.999/0001-30,855.42
05.992.508/0001-37,05.992.508/0001-37,15651.185000000003
05.992.508/0001-37,07.245.977/0001-18,140.0
05.992.508/0001-37,14.751.104/0001-42,355.0
05.992.508/0001-37,15.715.911/0001-72,198.32
05.992.508/0001-37,18.692.986/0001-73,420.20000000000005
05.992.508/0001-37,20.400.561/0001-95,3934.059799999999
05.992.508/0001-37,24.090.101/0001-69,240.2
05.992.508/0001-37,34.740.696/0001-04,348.17699999999996
05.992.508/0001-37,84.587.104/0001-34,2385.714000000001
05.995.753/0001-06,05.392.144/0001-54,8.8253
06.032.582/0001-74,06.032.582/0001-74,1025.6309999999999
06.113.172/0001-58,03.957.205/0001-58,102.05
06.113.172/0001-58,05.296.237/0001-85,90.9371
06.113.172/0001-58,06.113.172/0001-58,5088.1954000000005
06.113.172/0001-58,07.290.039/0001-30,105.30199999999999
06.113.172/0001-58,07.401.031/0001-01,465.4801
06.113.172/0001-58,08.809.967/0001-20,52.413199999999996
06.113.172/0001-58,12.429.880/0001-03,993.7544
06.113.172/0001-58,13.291.458/0001-99,100.0
06.113.172/0001-58,14.743.232/0001-44,730.8940999999999
06.113.172/0001-58,14.751.104/0001-42,57.9876
06.113.172/0001-58,14.784.005/0001-67,72.028
06.113.172/0001-58,15.715.911/0001-72,70.002
06.113.172/0001-58,15.837.784/0001-84,851.6315999999999
06.113.172/0001-58,18.692.986/0001-73,29.65
06.113.172/0001-58,19.276.854/0001-23,5753.910699999993
06.113.172/0001-58,20.400.561/0001-95,40.002
06.113.172/0001-58,20.776.648/0001-61,187.7724
06.113.172/0001-58,21.051.110/0001-52,34.000299999999996
06.113.172/0001-58,24.090.101/0001-69,678.1008999999999
06.113.172/0001-58,24.121.523/0001-54,20.0
06.113.172/0001-58,27.819.461/0001-47,4144.960199999999
06.113.172/0001-58,84.587.104/0001-34,2076.1352
06.128.741/0001-39,06.128.741/0001-39,90.1
06.160.206/0001-65,06.160.206/0001-65,2184.764
06.192.786/0001-72,06.192.786/0001-72,6267.930999999994
06.195.097/0001-11,34.750.919/0001-14,103.32
06.332.541/0001-01,06.332.541/0001-01,585.9949999999998
06.902.214/0001-30,05.139.794/0001-92,270.3823
06.902.214/0001-30,06.902.214/0001-30,960.0504999999998
06.902.214/0001-30,07.223.293/0001-15,153.454
06.902.214/0001-30,07.356.022/0001-38,576.2094
06.902.214/0001-30,17.577.288/0001-64,90.203
06.902.214/0001-30,18.275.306/0001-16,31.99
06.902.214/0001-30,84.604.537/0001-50,223.9399999999999
07.223.293/0001-15,07.223.293/0001-15,8370.122799999994
07.273.484/0001-91,05.952.031/0001-66,964.8274000000008
07.273.484/0001-91,07.273.484/0001-91,29772.573999999808
07.273.484/0001-91,08.609.390/0001-03,4421.914999999996
07.300.911/0001-83,07.300.911/0001-83,1227.5443999999998
07.313.762/0001-97,07.313.762/0001-97,2998.614999999999
07.574.033/0001-94,16.852.111/0001-66,2455.9292
07.574.033/0001-94,18.692.986/0001-73,1130.024
07.574.033/0001-94,20.776.648/0001-61,6125.899800000005
07.623.050/0001-74,01.801.325/0001-36,896.5804999999999
07.623.050/0001-74,03.691.701/0001-02,1649.3558000000005
07.623.050/0001-74,07.623.050/0001-74,17834.261600000056
07.623.050/0001-74,08.905.855/0001-73,7537.342200000012
07.623.050/0001-74,17.343.915/0001-00,1725.7903999999976
07.623.050/0001-74,17.755.846/0001-34,140.0
07.623.050/0001-74,18.017.944/0001-37,920.0
07.623.050/0001-74,20.982.589/0001-88,1636.0240000000015
07.623.050/0001-74,24.795.800/0001-04,142.384
07.623.050/0001-74,27.752.372/0001-20,1021.3189999999997
07.623.050/0001-74,33.119.050/0001-41,1176.02
07.772.404/0001-42,02.166.947/0001-00,300.0
07.772.404/0001-42,07.772.404/0001-42,2953.0662999999977
07.808.426/0001-15,05.971.999/0001-30,269.5560000000001
07.880.019/0001-19,07.880.019/0001-19,3362.8617999999997
07.880.019/0001-19,09.501.861/0001-28,1003.3800000000002
07.891.022/0001-38,07.891.022/0001-38,4055.662000000001
07.891.022/0001-38,15.837.784/0001-84,50.54
07.891.022/0001-38,24.121.523/0001-54,59.23
07.909.345/0001-01,04.476.104/0001-28,2371.47
07.909.776/0005-00,04.798.005/0001-62,11698.9892
07.909.776/0005-00,05.992.508/0001-37,586.6036
07.909.776/0005-00,07.109.924/0001-70,399.7908
07.909.776/0005-00,07.300.911/0001-83,80.333
07.909.776/0005-00,07.909.776/0003-30,31774.0231
07.909.776/0005-00,08.190.468/0001-06,51.9731
07.909.776/0005-00,08.704.191/0001-84,1548.0489999999998
07.909.776/0005-00,09.168.412/0001-00,400.255
07.909.776/0005-00,10.372.884/0001-69,941.2494000000003
07.909.776/0005-00,11.638.909/0001-96,3999.8885999999998
07.909.776/0005-00,14.661.318/0001-28,299.9262
07.909.776/0005-00,15.761.533/0001-63,768.8044
07.909.776/0005-00,15.885.114/0001-33,283.9187
07.909.776/0005-00,18.043.873/0001-47,2581.6587000000004
07.909.776/0005-00,20.653.805/0001-41,950.7635999999999
07.909.776/0005-00,27.168.980/0001-92,1568.4619
07.909.776/0005-00,27.379.232/0001-59,26.6414
07.909.776/0005-00,34.740.696/0001-04,2378.588599999999
07.909.776/0005-00,97.493.373/0008-50,26444.80669999999
07.928.270/0001-06,04.428.458/0001-05,2429.0660000000003
07.928.270/0001-06,05.139.794/0001-92,405.487
07.928.270/0001-06,07.273.484/0001-91,616.7000000000002
07.928.270/0001-06,07.356.022/0001-38,28.126
07.928.270/0001-06,11.978.421/0001-08,24.9999
07.928.270/0001-06,26.353.937/0001-34,3374.353099999999
07.984.169/0001-72,07.984.169/0001-72,18060.245000000024
08.004.403/0001-10,08.004.403/0001-10,594.0650000000002
08.061.596/0001-41,04.428.458/0001-05,1420.6447999999998
08.061.596/0001-41,06.332.541/0001-01,468.80799999999994
08.061.596/0001-41,08.061.596/0001-41,3624.3184
08.097.526/0001-43,07.891.022/0001-38,111.638
08.097.526/0001-43,07.994.000/0001-01,43.012
08.097.526/0001-43,08.097.526/0001-43,260.66
08.097.526/0001-43,10.480.089/0001-94,26.002
08.097.526/0001-43,11.572.199/0001-49,52.548
08.097.526/0001-43,13.291.458/0001-99,40.021
08.097.526/0001-43,15.800.916/0001-01,5330.003899999997
08.097.526/0001-43,25.266.145/0001-60,200.0
08.190.468/0001-06,08.190.468/0001-06,1856.9048999999993
08.306.697/0001-35,26.051.691/0001-46,13519.226999999997
08.306.697/0001-35,27.402.458/0001-23,15108.835599999982
08.467.456/0001-78,05.757.448/0001-78,129.54099999999997
08.467.456/0001-78,07.223.293/0001-15,103.62700000000001
08.467.456/0001-78,08.467.456/0001-78,2270.6910000000003
08.470.149/0001-46,06.128.741/0001-39,116.4
08.470.149/0001-46,08.470.149/0001-46,25311.69210000004
08.470.149/0001-46,16.852.111/0001-66,705.0000000000001
08.470.149/0001-46,18.017.944/0001-37,104.74000000000001
08.470.149/0001-46,18.692.986/0001-73,182.01999999999998
08.470.149/0001-46,20.982.589/0001-88,863.8477999999999
08.470.149/0001-46,21.322.606/0001-13,175.4399
08.470.149/0001-46,21.597.378/0001-94,900.0999999999999
08.470.149/0001-46,26.774.641/0001-97,279.79600000000005
08.538.666/0001-00,08.538.666/0001-00,600.0
08.609.390/0001-03,03.540.779/0001-26,1532.389999999999
08.609.390/0001-03,05.139.794/0001-92,219.0
08.609.390/0001-03,06.902.214/0001-30,112.09100000000001
08.609.390/0001-03,07.356.022/0001-38,1278.796
08.609.390/0001-03,08.215.495/0001-88,2295.0880000000006
08.609.390/0001-03,08.441.340/0001-60,80.0956
08.609.390/0001-03,08.609.390/0001-03,22307.460899999907
08.609.390/0001-03,17.577.288/0001-64,722.1740000000001
08.609.390/0001-03,32.923.187/0001-91,263.428
08.794.692/0001-07,07.300.911/0001-83,55.0
08.794.692/0001-07,08.664.219/0001-05,149.611
08.794.692/0001-07,08.794.692/0001-07,6578.933899999998
08.794.692/0001-07,09.581.351/0001-08,80.0
08.794.692/0001-07,10.480.089/0001-94,130.2148
08.794.692/0001-07,12.429.880/0001-03,17.4517
08.794.692/0001-07,14.743.232/0001-44,159.6469
08.794.692/0001-07,14.784.005/0001-67,23.0
08.794.692/0001-07,21.051.110/0001-52,116.88300000000001
08.809.967/0001-20,05.960.778/0001-66,82.0
08.809.967/0001-20,07.245.977/0001-18,39.962999999999994
08.809.967/0001-20,07.313.762/0001-97,1700.4217
08.809.967/0001-20,08.809.967/0001-20,2794.605900000002
08.809.967/0001-20,22.635.807/0001-33,150.2178
08.809.967/0001-20,84.587.104/0001-34,1075.0720000000001
08.905.855/0001-73,08.905.855/0001-73,7207.003999999995
09.029.666/0001-47,18.017.944/0001-37,3872.639999999998
09.111.065/0001-89,09.111.065/0001-89,13739.733000000013
09.111.065/0001-89,11.909.349/0001-67,145.6454
09.168.412/0001-00,09.168.412/0001-00,237.25199999999998
09.168.412/0001-00,10.467.302/0001-28,1326.2150000000001
09.418.967/0001-62,09.418.967/0001-62,510.069
09.470.628/0001-25,09.470.628/0001-25,27195.1217
09.508.457/0001-86,09.508.457/0001-86,1268.2899999999995
09.508.457/0001-86,30.012.110/0001-34,960.0
09.525.413/0001-64,09.525.413/0001-64,160.60199999999998
09.581.351/0001-08,09.581.351/0001-08,13936.155400000001
10.329.193/0001-82,05.930.683/0001-08,6584.199999999995
10.329.193/0001-82,06.346.425/0001-33,4120.838099999999
10.329.193/0001-82,19.693.053/0001-63,357.41900000000004
10.329.193/0001-82,20.801.732/0001-98,200.08300000000003
10.329.193/0001-82,21.565.220/0001-32,5870.3751
10.329.193/0001-82,25.235.075/0001-82,2607.3654999999994
10.329.193/0001-82,27.752.372/0001-20,500.0
10.329.193/0001-82,30.364.126/0001-06,1127.5075000000002
10.329.193/0001-82,33.119.050/0001-41,1740.3999999999994
10.372.884/0001-69,10.372.884/0001-69,335.0651999999999
10.372.884/0002-40,04.496.658/0001-97,2534.0281000000004
10.372.884/0002-40,04.798.005/0001-62,2993.882899999999
10.372.884/0002-40,07.300.911/0001-83,850.0329999999999
10.372.884/0002-40,08.195.272/0001-04,391.22659999999996
10.372.884/0002-40,08.704.191/0001-84,184.8404
10.372.884/0002-40,10.372.884/0001-69,28062.513700000018
10.372.884/0002-40,25.127.147/0001-78,2069.6708
10.372.884/0002-40,26.041.366/0001-00,404.3074
10.372.884/0002-40,97.493.373/0008-50,10042.471599999999
10.372.884/0003-20,04.496.658/0001-97,2434.1981999999994
10.372.884/0003-20,04.798.005/0001-62,8198.290599999991
10.372.884/0003-20,07.300.911/0001-83,674.9552000000001
10.372.884/0003-20,08.704.191/0001-84,2227.7174
10.372.884/0003-20,10.372.884/0001-69,16413.96460000001
10.372.884/0003-20,15.761.533/0001-63,2377.2711999999997
10.372.884/0003-20,25.127.147/0001-78,28342.467199999985
10.372.884/0003-20,28.399.481/0001-79,3932.9123999999993
10.372.884/0003-20,97.493.373/0008-50,18403.56290000002
10.372.884/0004-01,04.496.658/0001-97,1512.6895999999992
10.372.884/0004-01,04.798.005/0001-62,4937.970499999995
10.372.884/0004-01,08.704.191/0001-84,1002.8453999999999
10.372.884/0004-01,10.372.884/0001-69,12588.824800000011
10.372.884/0004-01,15.761.533/0001-63,1577.8474
10.372.884/0004-01,25.127.147/0001-78,10775.084900000014
10.372.884/0004-01,28.399.481/0001-79,2711.3127999999997
10.372.884/0004-01,97.493.373/0008-50,9622.806999999993
10.539.400/0001-23,10.539.400/0001-23,8973.530200000007
10.594.447/0001-90,10.594.447/0001-90,139.7212
10.686.915/0001-56,10.686.915/0001-56,14729.534800000003
10.686.915/0001-56,14.608.707/0001-90,2332.350000000001
10.749.178/0001-93,03.783.668/0001-40,3287.631599999999
10.749.178/0001-93,10.749.178/0001-93,7239.757200000022
10.749.178/0001-93,14.608.707/0001-90,5649.580600000004
11.572.199/0001-49,11.572.199/0001-49,1480.4099999999996
11.638.909/0001-96,11.638.909/0001-96,1750.7559999999992
11.638.909/0001-96,26.041.366/0001-00,145.0
11.766.646/0001-09,00.641.390/0001-89,694.1600000000001
11.766.646/0001-09,11.766.646/0001-09,4322.5866
11.766.646/0001-09,14.608.707/0001-90,614.8729999999998
11.766.646/0001-09,30.354.588/0001-42,949.032
11.978.421/0001-08,11.978.421/0001-08,3046.2884999999983
12.429.880/0001-03,06.113.172/0001-58,296.36
12.429.880/0001-03,07.401.031/0001-01,209.3381
12.429.880/0001-03,11.572.199/0001-49,2268.146199999999
12.429.880/0001-03,12.429.880/0001-03,19956.83989999998
12.429.880/0001-03,13.291.458/0001-99,260.054
12.429.880/0001-03,14.751.104/0001-42,48.029999999999994
12.429.880/0001-03,24.121.523/0001-54,31.7
12.429.880/0001-03,27.160.187/0001-47,22.25
12.429.880/0001-03,84.623.768/0001-01,161.92000000000002
12.645.961/0001-32,04.813.204/0001-00,300.24
12.645.961/0001-32,04.963.376/0001-52,43322.34609999995
12.645.961/0001-32,08.251.412/0001-06,100.005
12.645.961/0001-32,11.449.473/0001-97,306.13
12.645.961/0001-32,12.645.961/0001-32,50347.84979999997
12.645.961/0001-32,14.206.102/0001-72,1114.5520000000001
12.645.961/0001-32,17.755.846/0001-34,7197.053400000007
12.645.961/0001-32,18.017.944/0001-37,128.43
12.645.961/0001-32,20.267.013/0001-39,45185.02499999983
12.730.528/0001-03,03.752.259/0001-87,122.0
12.730.528/0001-03,63.649.511/0001-59,14.0
13.537.339/0001-73,05.194.379/0001-31,350.00000000000006
13.537.339/0001-73,05.757.732/0001-44,1530.0
13.537.339/0001-73,08.251.412/0001-06,82.22999999999999
13.537.339/0001-73,08.664.219/0001-05,2897.2231000000006
13.537.339/0001-73,11.449.473/0001-97,59.851
13.537.339/0001-73,15.047.312/0001-28,327.4603000000001
13.537.339/0001-73,15.167.766/0001-32,468.42710000000005
13.537.339/0001-73,15.274.326/0001-84,510.08899999999994
13.537.339/0001-73,16.852.111/0001-66,55.132000000000005
13.537.339/0001-73,18.017.944/0001-37,2276.3344999999995
13.537.339/0001-73,18.043.873/0001-47,2037.3996000000006
13.537.339/0001-73,21.051.110/0001-52,43.01
13.537.339/0001-73,24.795.800/0001-04,82.0952
13.537.339/0001-73,26.041.366/0001-00,200.00000000000003
13.537.339/0001-73,27.168.980/0001-92,718.95
13.537.339/0001-73,34.740.696/0001-04,100.00999999999999
13.537.339/0001-73,84.587.104/0001-34,339.94699999999995
13.602.691/0001-45,05.757.732/0001-44,499.53600000000006
13.602.691/0001-45,08.190.468/0001-06,540.0000000000001
13.602.691/0001-45,08.251.412/0001-06,271.88
13.602.691/0001-45,08.794.692/0001-07,10341.349099999987
13.602.691/0001-45,17.695.496/0001-68,849.4861999999995
13.742.629/0001-59,13.742.629/0001-59,13170.819599999992
14.047.437/0001-95,08.470.149/0001-46,22702.09099999995
14.241.525/0003-95,10.517.764/0001-02,430.1869999999999
14.241.525/0003-95,10.929.337/0002-12,484.5302000000001
14.362.469/0001-85,14.362.469/0001-85,2175.877999999999
14.585.483/0001-48,03.431.164/0001-61,102.50200000000001
14.585.483/0001-48,06.032.582/0001-74,3129.365399999999
14.585.483/0001-48,14.585.483/0001-48,13527.753600000004
14.585.483/0001-48,15.498.804/0001-30,49.642
14.607.394/0001-55,04.496.658/0001-97,737.732
14.607.394/0001-55,06.284.994/0001-00,30.329
14.607.394/0001-55,08.251.412/0001-06,747.6881
14.607.394/0001-55,15.715.911/0001-72,99.838
14.607.394/0001-55,18.692.986/0001-73,3134.6240000000003
14.607.394/0001-55,21.051.110/0001-52,150.0
14.607.394/0001-55,24.663.881/0001-99,28886.57049999996
14.607.394/0001-55,84.587.104/0001-34,6384.452899999998
14.608.707/0001-90,14.608.707/0001-90,2136.535799999999
14.661.318/0001-28,14.661.318/0001-28,5131.110300000004
14.735.178/0001-95,02.313.406/0001-50,794.1519999999999
14.797.585/0001-27,14.797.585/0001-27,31106.548799999946
15.116.813/0001-19,63.649.511/0001-59,105.0
15.715.911/0001-72,15.715.911/0001-72,655.2436000000001
15.761.533/0001-63,02.898.761/0001-38,519.122
15.761.533/0001-63,03.957.205/0001-58,1153.4307999999999
15.761.533/0001-63,05.296.237/0001-85,57.988
15.761.533/0001-63,07.313.762/0001-97,214.056
15.761.533/0001-63,08.704.191/0001-84,2747.2296000000006
15.761.533/0001-63,08.809.967/0001-20,202.042
15.761.533/0001-63,15.715.911/0001-72,2128.888
15.761.533/0001-63,15.761.533/0001-63,26947.55269999993
15.761.533/0001-63,18.467.473/0001-69,1276.8600000000001
15.761.533/0001-63,18.692.986/0001-73,995.4080000000002
15.761.533/0001-63,18.782.484/0001-33,202.042
15.761.533/0001-63,19.276.854/0001-23,3645.835000000001
15.761.533/0001-63,23.047.698/0001-04,103.34200000000001
15.761.533/0001-63,27.160.187/0001-47,1642.2225999999998
15.800.916/0001-01,05.194.379/0001-31,99.36179999999999
15.800.916/0001-01,05.195.317/0001-44,309.755
15.800.916/0001-01,05.561.745/0001-43,428.51430000000005
15.800.916/0001-01,05.873.866/0001-20,44.113
15.800.916/0001-01,05.960.778/0001-66,91.38600000000001
15.800.916/0001-01,07.891.022/0001-38,45.102
15.800.916/0001-01,08.097.526/0001-43,1276.6793
15.800.916/0001-01,08.809.967/0001-20,165.786
15.800.916/0001-01,09.168.412/0001-00,63.952
15.800.916/0001-01,09.581.351/0001-08,33.333
15.800.916/0001-01,10.467.302/0001-28,30.762
15.800.916/0001-01,10.480.089/0001-94,416.87180000000006
15.800.916/0001-01,11.572.199/0001-49,931.377
15.800.916/0001-01,12.429.880/0001-03,95.91199999999999
15.800.916/0001-01,15.800.916/0001-01,8093.501599999997
15.800.916/0001-01,18.043.873/0001-47,200.827
15.800.916/0001-01,26.041.366/0001-00,436.10799999999995
15.800.916/0001-01,27.819.461/0001-47,29.25
15.800.916/0001-01,84.623.768/0001-01,501.7193
15.885.114/0001-33,15.885.114/0001-33,1777.4839999999992
16.783.527/0001-70,01.592.818/0001-03,585.0
16.783.527/0001-70,10.929.337/0002-12,49.0
16.783.527/0001-70,77.294.254/0021-38,39680.0
16.852.111/0001-66,08.794.692/0001-07,151.8643
16.852.111/0001-66,16.852.111/0001-66,19562.962199999976
16.852.111/0001-66,19.768.600/0001-22,2978.3943999999983
17.343.915/0001-00,17.343.915/0001-00,4574.511600000002
17.577.288/0001-64,05.139.794/0001-92,121.97350000000002
17.577.288/0001-64,17.577.288/0001-64,10632.748400000015
17.695.496/0001-68,17.695.496/0001-68,18217.786500000064
17.755.846/0001-34,10.638.689/0001-38,103.52600000000001
17.755.846/0001-34,17.755.846/0001-34,7571.226199999999
17.755.846/0001-34,26.051.691/0001-46,2131.3828999999987
17.755.846/0001-34,28.399.118/0001-53,222.961
17.956.918/0001-01,11.766.646/0001-09,1870.2233999999996
17.956.918/0001-01,17.956.918/0001-01,450.90549999999996
17.967.047/0001-21,05.139.794/0001-92,1960.4759999999999
17.967.047/0001-21,10.686.915/0001-56,32.21
17.967.047/0001-21,11.602.746/0001-91,1131.7253999999998
17.967.047/0001-21,11.766.646/0001-09,96.012
17.967.047/0001-21,14.608.707/0001-90,293.6303
17.967.047/0001-21,17.967.047/0001-21,14406.375400000004
18.017.944/0001-37,08.905.855/0001-73,4035.6719999999996
18.017.944/0001-37,18.017.944/0001-37,6089.514200000003
18.017.944/0001-37,21.597.378/0001-94,1837.0
18.043.873/0001-47,18.043.873/0001-47,140.01
18.275.306/0001-16,03.431.164/0001-61,4140.589999999998
18.275.306/0001-16,05.873.866/0001-20,4992.599999999999
18.275.306/0001-16,09.168.412/0001-00,1868.2999999999997
18.275.306/0001-16,18.275.306/0001-16,2022.4285000000002
18.275.306/0001-16,27.160.187/0001-47,4667.097599999999
18.467.473/0001-69,03.957.205/0001-58,55.014
18.467.473/0001-69,07.054.090/0001-42,508.8990000000002
18.467.473/0001-69,07.313.762/0001-97,45.33
18.467.473/0001-69,08.251.412/0001-06,100.14
18.467.473/0001-69,08.704.191/0001-84,259.31399999999996
18.467.473/0001-69,08.809.967/0001-20,100.0
18.467.473/0001-69,15.715.911/0001-72,446.9119999999999
18.467.473/0001-69,15.761.533/0001-63,4529.533699999999
18.467.473/0001-69,18.467.473/0001-69,2773.8360000000007
18.467.473/0001-69,19.276.854/0001-23,5331.799599999997
18.596.621/0001-45,77.294.254/0021-38,870.0
18.692.986/0001-73,18.692.986/0001-73,5758.191000000002
18.692.986/0001-73,20.400.561/0001-95,98.569
18.912.631/0001-42,18.912.631/0001-42,5032.4642
19.019.524/0001-52,11.909.349/0001-67,235.7665
19.019.524/0001-52,19.693.053/0001-63,612.5974
19.124.419/0001-83,19.124.419/0001-83,9979.624899999995
19.276.854/0001-23,03.957.205/0001-58,727.971
19.276.854/0001-23,07.054.090/0001-42,133.69899999999998
19.276.854/0001-23,07.401.031/0001-01,100.0
19.276.854/0001-23,08.099.859/0001-01,50.014
19.276.854/0001-23,08.704.191/0001-84,1897.0070000000005
19.276.854/0001-23,08.809.967/0001-20,150.00000000000003
19.276.854/0001-23,09.168.412/0001-00,38.537
19.276.854/0001-23,12.429.880/0001-03,100.0
19.276.854/0001-23,15.715.911/0001-72,334.253
19.276.854/0001-23,15.761.533/0001-63,477.756
19.276.854/0001-23,18.467.473/0001-69,2546.828200000001
19.276.854/0001-23,19.276.854/0001-23,3617.160600000001
19.276.854/0001-23,25.266.145/0001-60,187.80899999999997
19.276.854/0001-23,26.041.366/0001-00,100.01400000000001
19.276.854/0001-23,27.819.461/0001-47,220.0
19.693.053/0001-63,03.691.701/0001-02,6288.3091
19.693.053/0001-63,04.813.204/0001-00,427.401
19.693.053/0001-63,18.394.143/0001-90,122.03
19.693.053/0001-63,19.693.053/0001-63,24.105
19.715.835/0001-56,04.970.492/0001-07,15.450000000000001
19.715.835/0001-56,05.026.220/0001-08,132.49869999999999
19.715.835/0001-56,08.215.495/0001-88,33.417
19.715.835/0001-56,08.423.509/0001-59,316.1704000000001
19.715.835/0001-56,09.508.457/0001-86,88.60000000000001
19.715.835/0001-56,10.957.111/0001-44,1447.7134999999996
19.715.835/0001-56,19.715.835/0001-56,2835.9105000000013
19.848.073/0001-66,19.848.073/0001-66,2685.570199999999
20.043.244/0001-69,04.970.492/0001-07,100.4337
20.043.244/0001-69,05.026.220/0001-08,257.8789999999999
20.043.244/0001-69,08.215.495/0001-88,2091.9414999999985
20.043.244/0001-69,08.423.509/0001-59,1184.9867000000002
20.043.244/0001-69,15.210.774/0001-14,40.0
20.043.244/0001-69,20.043.244/0001-69,651.6039999999999
20.400.561/0001-95,05.992.508/0001-37,278.5
20.400.561/0001-95,15.715.911/0001-72,80.34
20.400.561/0001-95,18.692.986/0001-73,1156.14
20.400.561/0001-95,20.400.561/0001-95,10581.315800000028
20.400.561/0001-95,24.090.101/0001-69,320.0
20.400.561/0001-95,26.774.641/0001-97,400.0
20.702.872/0001-09,20.702.872/0001-09,839.9510000000002
20.702.872/0001-09,24.090.101/0001-69,51.61
20.744.145/0001-04,19.693.053/0001-63,100.0
20.744.145/0001-04,20.744.145/0001-04,5528.161700000005
20.744.145/0001-04,20.801.732/0001-98,60.0
20.744.145/0001-04,20.825.514/0001-93,1100.0000000000002
20.744.145/0001-04,20.982.589/0001-88,924.84
20.776.648/0001-61,20.776.648/0001-61,3759.820799999999
20.825.514/0001-93,04.813.204/0001-00,1011.4755000000002
20.825.514/0001-93,10.638.689/0001-38,301.79099999999994
20.825.514/0001-93,14.797.585/0001-27,121.79119999999999
20.825.514/0001-93,20.982.589/0001-88,2042.5592999999994
20.825.514/0001-93,24.795.800/0001-04,44.769999999999996
20.982.589/0001-88,03.003.606/0001-79,1141.7287999999996
20.982.589/0001-88,04.813.204/0001-00,2648.3891000000003
20.982.589/0001-88,06.128.741/0001-39,62.28999999999999
20.982.589/0001-88,11.484.083/0001-58,1386.9417999999996
20.982.589/0001-88,11.909.349/0001-67,482.17000000000013
20.982.589/0001-88,20.982.589/0001-88,5153.357399999999
20.982.589/0001-88,27.752.372/0001-20,267.33099999999996
21.322.606/0001-13,08.664.219/0001-05,1116.7320000000002
21.322.606/0001-13,15.274.326/0001-84,826.1904000000001
21.322.606/0001-13,21.322.606/0001-13,1066.6841999999997
21.597.378/0001-94,18.017.944/0001-37,1157.4280000000006
21.597.378/0001-94,18.692.986/0001-73,2500.1600000000003
21.597.378/0001-94,21.597.378/0001-94,4914.932199999999
21.597.378/0001-94,35.113.294/0001-42,96.2
22.075.119/0001-66,07.018.010/0001-01,50780.866500000106
22.075.119/0001-66,08.099.859/0001-01,6778.720599999996
22.635.807/0001-33,22.635.807/0001-33,250.2101
22.810.391/0001-42,22.810.391/0001-42,300.0
22.827.471/0003-72,03.540.779/0001-26,41.799
22.827.471/0003-72,04.476.104/0001-28,198.06499999999994
22.827.471/0003-72,04.522.986/0001-10,823.6239999999997
22.827.471/0003-72,22.827.471/0003-72,11175.6664
23.035.983/0001-05,01.919.515/0001-52,385.0
23.035.983/0001-05,03.327.489/0001-07,495.0
23.035.983/0001-05,03.752.259/0001-87,40.0
23.035.983/0001-05,07.835.262/0001-15,160.0
23.035.983/0001-05,10.517.764/0001-02,1115.6128000000003
23.035.983/0001-05,21.625.289/0001-04,960.314
23.035.983/0001-05,63.649.511/0001-59,70.0
23.047.698/0001-04,05.296.237/0001-85,660.1300000000002
23.688.441/0001-23,18.394.143/0001-90,1032.3949999999998
23.688.441/0001-23,19.678.293/0001-99,1683.0733000000002
23.688.441/0001-23,21.565.220/0001-32,5957.440100000004
24.090.101/0001-69,04.174.043/0001-44,11.03
24.090.101/0001-69,14.743.232/0001-44,166.01999999999998
24.090.101/0001-69,19.768.600/0001-22,13.9802
24.090.101/0001-69,20.400.561/0001-95,3051.900199999999
24.090.101/0001-69,24.090.101/0001-69,15323.963799999992
24.090.101/0001-69,27.168.980/0001-92,34.34
24.090.101/0001-69,84.587.104/0001-34,945.0
24.435.362/0001-73,04.224.409/0001-42,1779.1649000000002
24.435.362/0001-73,06.056.552/0001-06,1549.2108000000003
24.435.362/0001-73,07.545.903/0001-05,6405.672700000001
24.435.362/0001-73,07.774.187/0001-20,467.31149999999997
24.435.362/0001-73,09.622.005/0001-20,657.1412
24.661.396/0001-86,24.661.396/0001-86,2575.672300000001
24.723.897/0001-40,08.190.468/0001-06,1005.5532999999999
24.723.897/0001-40,08.470.149/0001-46,1134.9439999999997
24.723.897/0001-40,11.449.473/0001-97,1637.418100000001
24.723.897/0001-40,17.695.496/0001-68,127.00000000000001
24.723.897/0001-40,24.723.897/0001-40,1285.4061999999997
24.723.897/0001-40,27.379.232/0001-59,60.0
25.266.145/0001-60,25.266.145/0001-60,4237.864899999994
26.051.691/0001-46,06.128.741/0001-39,175.7
26.051.691/0001-46,26.051.691/0001-46,12105.970399999973
26.774.641/0001-97,04.174.043/0001-44,319.347
26.774.641/0001-97,26.774.641/0001-97,10421.583199999985
26.873.784/0001-56,01.919.515/0001-52,164.35
26.990.478/0001-08,26.990.478/0001-08,476.0
27.160.187/0001-47,12.429.880/0001-03,573.81
27.160.187/0001-47,14.661.318/0001-28,11.01
27.160.187/0001-47,15.800.916/0001-01,80.625
27.160.187/0001-47,27.160.187/0001-47,5761.103299999999
27.379.232/0001-59,06.113.172/0001-58,1072.2232
27.379.232/0001-59,08.190.468/0001-06,591.9999999999999
27.379.232/0001-59,08.251.412/0001-06,391.5387
27.379.232/0001-59,08.794.692/0001-07,90.0
27.379.232/0001-59,16.852.111/0001-66,439.0
27.379.232/0001-59,17.695.496/0001-68,1126.0
27.379.232/0001-59,20.989.970/0001-79,110.0
27.379.232/0001-59,27.379.232/0001-59,6586.714599999998
27.379.232/0001-59,84.587.104/0001-34,1199.9994
28.007.154/0001-24,04.174.043/0001-44,102.68629999999999
28.007.154/0001-24,05.195.317/0001-44,500.00019999999995
28.007.154/0001-24,06.113.172/0001-58,7349.757099999997
28.007.154/0001-24,07.290.039/0001-30,11.5
28.007.154/0001-24,08.809.967/0001-20,70.0019
28.007.154/0001-24,12.429.880/0001-03,261.4212
28.007.154/0001-24,13.291.458/0001-99,535.0002
28.007.154/0001-24,14.661.318/0001-28,105.0
28.007.154/0001-24,14.743.232/0001-44,126.5911
28.007.154/0001-24,15.715.911/0001-72,562.7109999999999
28.007.154/0001-24,15.837.784/0001-84,487.346
28.007.154/0001-24,21.597.378/0001-94,250.0
28.007.154/0001-24,27.819.461/0001-47,271.2381
28.007.154/0001-24,34.740.696/0001-04,205.30010000000001
28.007.154/0001-24,84.587.104/0001-34,487.8149
28.399.481/0001-79,05.971.999/0001-30,2940.240599999998
28.399.481/0001-79,11.572.199/0001-49,550.0
28.399.481/0001-79,18.467.473/0001-69,52.1
28.455.108/0001-98,28.455.108/0001-98,7816.056600000001
29.130.738/0001-55,05.757.448/0001-78,612.5420000000001
29.130.738/0001-55,22.810.391/0001-42,173.182
29.130.738/0001-55,26.270.040/0001-47,121.75
29.130.738/0001-55,29.130.738/0001-55,10316.386399999996
29.130.738/0001-55,30.758.710/0001-46,647.9800000000002
29.292.524/0001-85,02.069.459/0001-77,3519.839000000003
29.292.524/0001-85,29.292.524/0001-85,56870.79719999994
29.908.468/0001-60,15.210.774/0001-14,2226.6330000000003
29.908.468/0001-60,29.908.468/0001-60,19943.59569999995
29.908.468/0001-60,30.012.110/0001-34,5312.245399999996
30.364.126/0001-06,20.793.969/0001-74,1622.6729999999995
30.364.126/0001-06,30.364.126/0001-06,543.023
30.524.139/0001-03,30.524.139/0001-03,4052.2673999999993
30.735.736/0001-79,20.793.969/0001-74,2946.0112
30.735.736/0001-79,20.801.732/0001-98,1472.6000000000001
30.735.736/0001-79,24.795.800/0001-04,24773.14499999996
32.731.644/0001-46,01.801.325/0001-36,26498.27199999997
32.923.187/0001-91,32.923.187/0001-91,6938.003000000001
32.923.187/0006-04,32.923.187/0006-04,17156.0
34.469.759/0001-30,03.691.701/0001-02,208.26960000000003
34.469.759/0001-30,20.744.145/0001-04,1662.5257000000001
34.469.759/0001-30,20.801.732/0001-98,915.6206000000001
34.469.759/0001-30,34.469.759/0001-30,2167.386
34.542.720/0001-09,05.618.631/0001-92,114.62899999999999
34.542.720/0001-09,05.930.683/0001-08,29401.490999999973
34.542.720/0001-09,06.346.425/0001-33,6149.040299999998
34.542.720/0001-09,10.660.278/0001-49,4522.458999999999
34.542.720/0001-09,11.909.349/0001-67,809.1120000000002
34.542.720/0001-09,18.912.631/0001-42,11834.170000000015
34.542.720/0001-09,19.693.053/0001-63,19086.04210000001
34.542.720/0001-09,20.825.514/0001-93,3621.9622999999992
34.542.720/0001-09,25.235.075/0001-82,555.0
34.542.720/0001-09,27.752.372/0001-20,300.0
34.542.720/0001-09,28.399.118/0001-53,1292.7
34.542.720/0001-09,30.364.126/0001-06,22451.833500000026
34.542.720/0001-09,31.973.780/0001-80,3345.027
34.542.720/0001-09,34.542.720/0002-81,12549.782099999993
34.542.720/0001-09,84.621.101/0001-70,2636.6502000000005
34.542.720/0002-81,06.346.425/0001-33,7105.068000000006
34.542.720/0002-81,18.912.631/0001-42,435.48999999999995
34.542.720/0002-81,19.693.053/0001-63,2729.1979999999944
34.542.720/0002-81,20.793.969/0001-74,4092.4399999999996
34.542.720/0002-81,20.801.732/0001-98,416.22499999999997
34.542.720/0002-81,21.565.220/0001-32,250.0
34.542.720/0002-81,27.752.372/0001-20,1150.0
34.542.720/0002-81,30.364.126/0001-06,570.0
34.542.720/0002-81,33.119.050/0001-41,1341.9159
34.733.618/0001-82,04.911.954/0001-07,2131.7949999999987
34.733.618/0001-82,34.733.618/0001-82,1558.9869999999999
34.740.696/0001-04,07.245.977/0001-18,65.8488
34.740.696/0001-04,34.740.696/0001-04,1735.9049999999993
34.750.919/0001-14,34.750.919/0001-14,353.28999999999996
34.761.254/0001-44,34.761.254/0001-44,3050.0
35.113.294/0001-42,08.470.149/0001-46,555.0939999999999
35.113.294/0001-42,35.113.294/0001-42,9299.130000000012
36.910.552/0001-84,07.223.293/0001-15,494.7603999999999
36.910.552/0001-84,07.356.022/0001-38,496.0110999999999
36.910.552/0001-84,07.880.019/0001-19,224.6792
36.910.552/0001-84,10.594.447/0001-90,806.069
36.910.552/0001-84,15.210.774/0001-14,789.9999999999999
36.910.552/0001-84,84.604.537/0001-50,259.286
63.601.538/0001-71,04.582.045/0001-72,142.095
63.601.538/0001-71,04.642.220/0001-70,828.2610000000001
63.601.538/0001-71,27.894.727/0001-16,10692.738999999998
63.601.538/0001-71,84.328.434/0001-05,227.251
63.623.623/0001-30,08.441.340/0001-60,149.10430000000002
63.623.623/0001-30,08.978.287/0002-11,377.474
63.623.623/0001-30,10.594.447/0001-90,562.0248
63.623.623/0001-30,17.900.495/0001-08,939.6695
63.623.623/0001-30,19.715.835/0001-56,938.0898999999998
63.623.623/0001-30,26.270.040/0001-47,200.0
63.773.253/0003-80,63.773.253/0003-80,20725.05199999999
63.793.426/0001-60,63.793.426/0001-60,571.7957000000001
65.770.794/0001-18,00.611.256/0001-35,5313.085000000007
65.770.794/0001-18,01.079.172/0001-65,839.0020000000001
65.770.794/0001-18,03.540.779/0001-26,225.698
65.770.794/0001-18,04.689.550/0001-10,1797.9229999999998
75.558.817/0001-89,75.558.817/0001-89,7345.901999999991
84.587.104/0001-34,07.245.977/0001-18,153.883
84.587.104/0001-34,21.051.110/0001-52,298.12080000000003
84.587.104/0001-34,34.740.696/0001-04,12.2149
84.587.104/0001-34,84.587.104/0001-34,9393.57800000001
84.621.101/0001-70,84.621.101/0001-70,9381.293700000004
84.623.768/0001-01,11.572.199/0001-49,1870.911
84.623.768/0001-01,84.623.768/0001-01,20656.13319999999
84.639.632/0002-70,03.431.164/0001-61,195.5546
84.639.632/0002-70,04.798.005/0001-62,8840.217400000003
84.639.632/0002-70,05.194.379/0001-31,573.1117999999999
84.639.632/0002-70,05.873.866/0001-20,3955.659699999999
84.639.632/0002-70,06.005.192/0001-05,2773.4744
84.639.632/0002-70,06.113.172/0001-58,14925.589199999995
84.639.632/0002-70,07.300.911/0001-83,947.9271999999999
84.639.632/0002-70,07.401.031/0001-01,4305.992300000002
84.639.632/0002-70,07.891.022/0001-38,14335.122999999994
84.639.632/0002-70,07.984.169/0001-72,413.59749999999997
84.639.632/0002-70,07.994.000/0001-01,130.7869
84.639.632/0002-70,08.195.272/0001-04,13050.321800000007
84.639.632/0002-70,08.809.967/0001-20,441.35300000000007
84.639.632/0002-70,10.467.302/0001-28,2433.218200000001
84.639.632/0002-70,10.480.089/0001-94,2161.6919
84.639.632/0002-70,11.638.909/0001-96,81.9778
84.639.632/0002-70,12.429.880/0001-03,7449.473000000003
84.639.632/0002-70,13.291.458/0001-99,6742.563999999999
84.639.632/0002-70,13.399.057/0001-57,14245.442700000005
84.639.632/0002-70,14.585.483/0001-48,830.9449999999998
84.639.632/0002-70,14.661.318/0001-28,21501.13629999999
84.639.632/0002-70,14.784.005/0001-67,5260.359000000003
84.639.632/0002-70,15.800.916/0001-01,1816.5934
84.639.632/0002-70,15.837.784/0001-84,9385.860299999998
84.639.632/0002-70,20.653.805/0001-41,4853.897900000001
84.639.632/0002-70,20.989.970/0001-79,5115.453400000001
84.639.632/0002-70,24.121.523/0001-54,10582.8621
84.639.632/0002-70,25.266.145/0001-60,7246.140400000001
84.639.632/0002-70,27.160.187/0001-47,3191.0312
84.639.632/0002-70,27.819.461/0001-47,1929.3238000000003
84.639.632/0002-70,76.492.065/0005-97,7031.544699999997
84.639.632/0002-70,84.639.632/0001-90,10658.506299999995
84.639.632/0002-70,97.493.373/0008-50,5952.445300000003
84.721.901/0001-62,07.623.050/0001-74,80.0
84.721.901/0001-62,84.721.901/0001-62,922.6885000000001
AA936,08.097.526/0001-43,1412.7523000000003
AAB040,04.642.220/0001-70,21716.46399999998
AAP019,05.026.220/0001-08,1806.1933999999978
AAP019,17.713.234/0001-89,6590.246000000015
AB390,22.268.038/0001-82,3662.718499999999
ABA593,09.292.800/0001-06,877.6245999999998
ABA593,19.051.288/0001-51,4126.374100000002
ABS422,03.003.606/0001-79,4052.0507999999986
ABS422,03.691.701/0001-02,9900.077999999992
ABS422,27.752.372/0001-20,2251.0260999999996
AC350,04.428.458/0001-05,5076.1036
AC350,04.505.890/0001-44,848.4599999999999
AC350,05.430.233/0001-48,732.1600000000001
AC350,06.332.541/0001-01,3619.948200000005
AC350,08.061.596/0001-41,14145.179400000015
AC350,14.362.469/0001-85,193.40799999999996
ACB772,13.711.766/0001-26,1813.4430000000007
ACB772,30.522.832/0001-39,796.8050000000002
ACDRTB409,00.611.256/0001-35,1268.632
ACDRTB409,03.540.779/0001-26,67.5169
ACDRTB409,04.689.550/0001-10,937.4880000000002
ACP581,19.138.008/0001-47,497.2319999999999
ADAB672,01.021.056/0001-95,4225.808300000001
ADDS021,24.392.930/0001-04,4172.5961
ADSG009,01.021.056/0001-95,1733.5900000000001
AER531,24.795.800/0001-04,101.9615
AFA185,04.797.192/0001-60,1.3373
AFA185,17.406.743/0001-69,20.410100000000003
AFDS759,52.926.128/0001-84,120.0
AFL292,10.731.901/0001-07,655.7194
AFL292,22.949.060/0001-98,4810.8234
AFM013,02.093.134/0001-20,10028.704000000005
AFM013,04.522.986/0001-10,461.94100000000003
AFO724,10.898.731/0001-50,5848.977699999996
AFO724,29.081.434/0001-45,221.34999999999997
AFO724,29.518.589/0001-04,1134.8261000000002
AFO836,30.522.832/0001-39,12071.578899999984
AFR170,09.508.457/0001-86,1097.7588000000003
AFT259,18.394.143/0001-90,708.028
AFT259,21.565.220/0001-32,7367.93109999999
AFV012,07.223.293/0001-15,462.35
AFV012,07.880.019/0001-19,1715.498900000001
AFV012,08.215.495/0001-88,2404.581999999999
AFV012,08.441.340/0001-60,188.78820000000002
AFV012,15.858.889/0001-10,247.175
AFV012,17.956.918/0001-01,255.19999999999996
AFV012,26.841.286/0001-21,109.2132
AFV012,30.354.588/0001-42,605.76
AFV012,84.604.537/0001-50,519.241
AG162,09.292.800/0001-06,1059.01
AG162,09.359.296/0001-06,536.684
AG162,10.731.901/0001-07,9139.768199999997
AG162,13.404.797/0001-34,9022.829000000002
AG162,16.602.613/0001-39,469.149
AG162,22.140.785/0001-30,896.1836000000001
AG162,30.202.879/0001-15,10751.677399999999
AG162,30.522.832/0001-39,2485.4810000000016
AGDC903,07.545.903/0001-05,557.588
AHK865,09.581.351/0001-08,7584.559999999999
AHK865,22.635.807/0001-33,17.3919
AHK865,84.587.104/0001-34,100.0
AJN953,AJN953,400.0
AKCM288,09.622.005/0001-20,67.44
AKCM288,10.517.764/0001-02,409.18000000000006
AKCM288,10.929.337/0002-12,476.53090000000003
AKCM288,21.625.289/0001-04,237.58499999999998
ALAV736,07.545.903/0001-05,1551.2512
ALAV736,07.774.187/0001-20,352.5624
ALAV736,10.517.764/0001-02,810.2460000000002
ALAV736,22.997.712/0001-60,1509.3873999999998
ALAV736,26.038.648/0001-40,229.94150000000002
ALB183,84.621.101/0001-70,11433.789200000056
ALCM114,05.194.379/0001-31,126.0
ALCM114,05.575.355/0001-22,1597.9999999999998
ALCM114,05.971.999/0001-30,134.0
ALCM114,06.032.582/0001-74,87.8848
ALCM114,07.162.562/0001-80,128.0
ALCM114,07.401.031/0001-01,229.00000000000003
ALCM114,07.519.552/0001-50,16.0
ALCM114,08.809.967/0001-20,2268.2369
ALCM114,15.498.804/0001-30,378.5992
ALCM114,34.733.865/0001-89,42.0
ALDS007,04.210.933/0001-64,199.99999999999997
ALDS007,07.401.031/0001-01,586.2648999999999
ALDS007,08.097.526/0001-43,137.0606
ALDS007,09.168.412/0001-00,5881.345999999999
ALDS007,10.467.302/0001-28,495.17279999999994
ALDS007,12.429.880/0001-03,1240.7921
ALDS007,15.837.784/0001-84,398.9839
ALDS007,19.768.600/0001-22,2860.2053999999985
ALDS007,24.121.523/0001-54,2374.4079999999994
ALDS007,25.266.145/0001-60,206.86489999999998
ALDS838,22.268.038/0001-82,6992.957899999996
ALL074,02.488.249/0001-13,5446.289999999999
ALL074,11.572.199/0001-49,800.1539999999999
ALL074,84.623.768/0001-01,753.814
ALO040,07.356.022/0001-38,38.79
ALO040,08.215.495/0001-88,361.83
ALO040,14.751.104/0001-42,527.0000000000001
ALO040,84.750.025/0001-00,120.0
AMLL693,12.890.817/0001-61,6.6029
AMLL693,22.997.712/0001-60,30.917299999999997
AMLL693,25.023.593/0001-32,2.9855
ANBA417,17.558.542/0001-87,1972.276000000001
ANS326,27.160.187/0001-47,9619.97400000001
AOD392,03.540.779/0001-26,655.5004000000002
AOD392,07.324.827/0001-08,85.8617
AOD392,08.215.495/0001-88,838.5301
AOD392,08.423.509/0001-59,1003.9538000000001
AOD392,09.108.004/0001-62,114.28399999999998
AOD392,11.141.020/0001-07,200.0
AOD392,11.766.646/0001-09,277.089
AOD392,14.608.707/0001-90,138.0487
AOD392,15.858.889/0001-10,1344.935500000001
AOD392,17.577.288/0001-64,534.733
AOD392,17.713.234/0001-89,72.18199999999999
AOD392,17.900.495/0001-08,1709.3937999999998
AOD392,18.024.894/0001-15,41.14
AOD392,19.124.419/0001-83,644.377
AOD392,26.841.286/0001-21,49.92
AP110,22.856.324/0001-69,30.0
AR662,23.065.863/0001-42,1850.0006999999985
ARV002,30.522.832/0001-39,2036.9931999999992
ASC960,02.694.303/0001-87,4376.5779999999995
ASC960,20.198.439/0001-88,5763.666000000002
ASG024,34.740.696/0001-04,916.2166999999996
ASP565,13.380.881/0001-65,21.1742
ATG025,05.757.732/0001-44,9676.67120000001
AV125,06.113.172/0001-58,3248.594
AV125,07.109.924/0001-70,39.974
AV125,08.809.967/0001-20,138.17600000000002
AV125,11.638.909/0001-96,586.4884000000001
AV125,12.429.880/0001-03,181.64800000000002
AV125,16.852.111/0001-66,1499.7142
AV125,18.692.986/0001-73,183.3
AV125,22.635.807/0001-33,568.8184
AV125,27.168.980/0001-92,290.2672
AV125,27.379.232/0001-59,506.7158
AV125,34.740.696/0001-04,973.1197999999999
AV125,84.587.104/0001-34,729.5782000000004
AVFDCR509,06.236.879/0001-51,8435.661500000004
BAV024,14.751.104/0001-42,1780.8645999999983
BPA848,19.051.288/0001-51,698.2570000000001
BPA848,30.817.925/0001-90,5040.488899999997
BPA877,10.898.731/0001-50,4120.3189999999995
BPA877,14.292.869/0001-61,893.1640000000002
BPA877,29.518.589/0001-04,774.9200000000001
BPA877,30.202.879/0001-15,1529.2174999999997
CAA739,02.313.406/0001-50,820.6646
CAA739,02.694.303/0001-87,1096.5538999999997
CADS108,05.026.220/0001-08,13.3
CADS108,08.215.495/0001-88,110.56
CADS108,08.423.509/0001-59,295.029
CADS108,09.595.625/0001-18,149.00300000000001
CADS108,19.124.419/0001-83,65.5
CAMD478,08.312.069/0001-62,207.788
CAMD478,09.065.094/0001-51,3212.2779000000005
CAMD478,10.778.505/0001-35,4175.0064
CAMD478,21.513.910/0001-48,498.92490000000004
CAMD478,22.575.371/0001-34,700.0
CAMD478,24.392.930/0001-04,2627.509499999999
CAMD478,26.753.771/0001-43,98.282
CB212,01.079.172/0001-65,135.94
CB212,03.540.779/0001-26,190.9934
CB212,08.215.495/0001-88,331.74
CB212,08.441.340/0001-60,359.0799999999999
CB212,09.108.004/0001-62,297.1424
CB212,11.602.746/0001-91,395.03999999999996
CB212,15.858.889/0001-10,13850.274399999991
CB212,17.900.495/0001-08,397.08000000000004
CBB566,03.003.606/0001-79,9018.353300000006
CBC848,06.113.172/0001-58,2107.0373999999997
CBC848,07.245.977/0001-18,87.36189999999999
CBC848,14.661.318/0001-28,200.00000000000003
CBC848,15.715.911/0001-72,951.5100000000001
CBC848,15.837.784/0001-84,215.0
CBC848,21.597.378/0001-94,100.0
CBS659,03.003.606/0001-79,2668.499400000002
CCM695,12.175.331/0001-41,906.9318000000001
CDE007,14.084.722/0001-86,1941.0644999999997
CEPB035,05.743.393/0001-47,1335.2735000000002
CGL087,05.757.732/0001-44,400.0
CGL087,06.005.192/0001-05,92.0
CGL087,06.113.172/0001-58,105.24
CGL087,08.190.468/0001-06,120.0
CGL087,08.251.412/0001-06,3002.7
CGL087,08.794.692/0001-07,8762.98199999999
CGL087,11.449.473/0001-97,99.804
CGL087,12.429.880/0001-03,639.9920000000001
CGL087,17.695.496/0001-68,2551.547999999999
CGL087,20.989.970/0001-79,350.746
CGL087,84.587.104/0001-34,446.2
CJGDS762,13.380.881/0001-65,44.8007
CLM203,CLM203,1552.0
CMD160,77.294.254/0021-38,3766.8888
CMFB108,01.079.172/0001-65,2864.826
CMFB108,05.952.031/0001-66,1533.8959999999997
CMFB108,07.223.293/0001-15,1218.8669999999997
CMFB108,08.215.495/0001-88,269.4788
CMFB108,08.423.509/0001-59,936.9183999999999
CMFB108,10.749.178/0001-93,140.0
CML724,18.744.561/0001-60,46.336200000000005
CMTP591,10.731.901/0001-07,1041.944
CP090,22.575.371/0001-34,1566.3969999999997
CP090,24.392.930/0001-04,2624.51
CP090,24.484.564/0001-05,4528.585000000001
CPN174,05.541.396/0001-06,260.8266
CPN174,11.851.021/0001-37,6537.125000000004
CPS682,24.392.930/0001-04,2809.773
CRBM417,06.056.552/0001-06,372.02369999999996
CRBM417,10.517.764/0001-02,728.1549999999999
CRBM417,22.997.712/0001-60,2503.1818000000007
CSP605,03.003.606/0001-79,4051.3191999999967
CVCF940,03.007.727/0001-99,160.0
CVCF940,06.056.552/0001-06,260.06899999999996
CVCF940,06.230.992/0001-20,100.0
CVCF940,07.835.262/0001-15,20.0
CVCF940,09.687.462/0001-01,20.0
CVCF940,10.517.764/0001-02,6093.035999999998
CVCF940,10.929.337/0002-12,40.0
CVCF940,21.585.594/0001-10,1321.0
CVCF940,21.625.289/0001-04,362.92499999999995
CVCF940,22.795.132/0001-90,97.35300000000002
CVCF940,77.294.254/0021-38,180.0
CVP408,05.960.778/0001-66,30.8916
CVP408,06.005.192/0001-05,4676.471599999999
CVP408,06.284.994/0001-00,408.46689999999995
CVP408,11.572.199/0001-49,342.03900000000004
CVP408,18.043.873/0001-47,208.6246
DBL325,11.909.349/0001-67,833.3199999999999
DBL325,20.825.514/0001-93,1071.175
DBL325,20.982.589/0001-88,12821.991399999997
DCM106,01.129.338/0001-00,202.5484
DCM106,05.757.448/0001-78,190.47
DCM106,07.010.914/0001-82,1685.5988
DCM106,08.423.509/0001-59,2005.6143
DCM106,10.686.915/0001-56,180.0
DCM106,11.978.421/0001-08,89.82079999999999
DCM106,18.466.749/0001-94,835.3288
DCM106,26.270.040/0001-47,2179.4834
DCM106,29.130.738/0001-55,1424.7822000000003
DFB502,10.898.731/0001-50,3126.3732
DFB502,14.292.869/0001-61,926.4187000000001
DFB502,19.138.008/0001-47,1637.9767000000004
DFB502,29.518.589/0001-04,1637.5249999999999
DFB502,30.202.879/0001-15,3013.1588999999985
DFF241,27.379.232/0001-59,12446.552200000013
DHPM034,09.168.412/0001-00,65.6914
DHPM034,10.467.302/0001-28,55.8346
DHPM034,19.768.600/0001-22,1049.9823999999996
DJS139,22.575.371/0001-34,1654.4712000000009
DM272,17.695.496/0001-68,2011.9103999999986
DNF229,22.328.989/0001-08,25.590500000000002
DV020,14.292.869/0001-61,1752.2597999999994
EAF051,05.026.220/0001-08,677.5398000000001
EAF051,05.757.448/0001-78,137.216
EAF051,07.356.022/0001-38,1203.0625000000002
EAF051,08.467.456/0001-78,447.45410000000015
EAF051,22.810.391/0001-42,153.9553
EAF051,26.270.040/0001-47,53.01
EAF051,30.758.710/0001-46,425.1761
EAL712,10.517.764/0001-02,1639.654
EAL712,EAL712,7687.159800000004
EAL920,10.754.732/0001-20,425.51
EAM304,03.784.107/0001-66,249.99999999999997
EAM304,04.607.462/0001-22,388.62160000000006
EAM304,05.971.999/0001-30,40.364999999999995
EAM304,06.032.582/0001-74,456.00000000000006
EAM304,07.162.562/0001-80,1686.7310000000002
EAM304,07.401.031/0001-01,80.0
EAM304,07.519.552/0001-50,7908.038099999999
EAM304,08.809.967/0001-20,992.12
EAM304,63.773.253/0003-80,915.5500000000001
EBA612,17.558.542/0001-87,2287.1769999999997
EBA612,30.945.544/0001-97,1384.551
EBGC077,01.079.172/0001-65,988.0692000000003
EBGC077,05.952.031/0001-66,1806.2169999999999
EBGC077,07.223.293/0001-15,571.326
EBGC077,30.758.710/0001-46,481.41440000000006
ECM025,09.065.094/0001-51,6823.009999999997
ECS438,10.731.901/0001-07,8897.845099999997
ECS438,19.138.008/0001-47,1476.5349999999999
ECS438,30.522.832/0001-39,2012.9290000000003
EDCS514,14.797.585/0001-27,19392.463900000046
EDCS581,14.797.585/0001-27,1960.0920000000003
EDES034,02.313.406/0001-50,1164.5785
EDES034,09.649.521/0001-49,320.31129999999996
EDES034,22.997.712/0001-60,342.1353
EDES034,26.971.080/0001-16,3873.2819000000004
EDESF910,04.238.440/0001-32,2590.1792
EDESF910,22.997.712/0001-60,263.89
EDESF910,26.971.080/0001-16,2839.0218
EDSRN222,05.952.031/0001-66,6961.851999999999
EDSRN222,07.223.293/0001-15,146.106
EDSRN222,07.273.484/0001-91,391.70599999999996
EDVDS240,09.622.005/0001-20,1464.0600000000006
EDVDS240,77.294.254/0021-38,31154.0
EEB033,07.493.220/0001-43,231.93779999999998
EFD217,52.926.128/0001-84,1375.7179999999994
EFS003,06.236.879/0001-51,697.4919
EG838,22.268.038/0001-82,1506.2216
EHB672,15.138.466/0001-25,15645.681100000002
EJMC546,06.346.425/0001-33,2206.320999999999
EJMC546,10.660.278/0001-49,1339.6439999999993
ELS299,14.084.722/0001-86,6878.37180000001
ELS299,14.292.869/0001-61,4959.780200000004
ELS299,30.202.879/0001-15,1753.9402999999998
EPGP317,22.328.989/0001-08,8.105599999999999
EPODF238,30.945.544/0001-97,1419.0859
ER595,04.476.104/0001-28,809.3899
ER595,07.772.404/0001-42,7172.212299999992
ER595,08.004.403/0001-10,200.01420000000002
ER595,08.215.495/0001-88,117.172
ER595,08.423.509/0001-59,53.388
ER595,08.441.340/0001-60,514.1612
ER595,08.978.287/0002-11,44.93
ER595,09.595.625/0001-18,815.2188
ER595,17.713.234/0001-89,312.95099999999996
ER595,18.466.749/0001-94,2143.6730000000002
ER595,23.861.242/0001-75,470.58439999999996
ER595,30.758.710/0001-46,85.84
ERB586,09.111.065/0001-89,377.6020000000001
ERF944,05.195.317/0001-44,198.909
ERF944,09.065.094/0001-51,132.967
ERF944,21.513.910/0001-48,9650.348900000005
ERF944,29.865.308/0001-81,195.5346
ERN638,11.602.746/0001-91,559.0772000000003
ERPA260,04.562.818/0001-59,946.3285000000002
ERPA260,04.647.333/0001-68,686.6099999999999
ERPA260,10.517.764/0001-02,1837.6290000000001
ERPA260,10.870.132/0001-28,1621.6150000000002
ESB558,03.783.668/0001-40,34.122
ESB558,08.215.495/0001-88,45.272
ESB558,10.749.178/0001-93,690.9798000000001
ESB558,11.766.646/0001-09,329.013
ESB558,14.608.707/0001-90,239.529
ESB558,26.841.286/0001-21,1890.3054000000002
ESC758,26.038.648/0001-40,576.4041999999998
EU411,09.292.800/0001-06,6589.243400000004
EU411,13.711.766/0001-26,1072.3239999999998
EVC844,22.810.147/0001-80,18.438399999999998
EVC844,27.207.490/0001-58,10.0
EZB931,03.957.205/0001-58,7983.709500000012
EZB931,03.984.734/0001-40,1469.2583999999997
EZB931,05.971.999/0001-30,2441.7454
EZB931,06.113.172/0001-58,99.591
EZB931,08.809.967/0001-20,11203.056099999998
EZB931,09.525.413/0001-64,696.0434000000001
EZB931,10.833.529/0001-40,202.416
EZB931,11.572.199/0001-49,2308.1334
EZB931,15.885.114/0001-33,880.9902000000003
EZB931,26.041.366/0001-00,2436.0680000000016
EZB931,28.399.481/0001-79,130.63400000000001
EZB931,84.623.768/0001-01,1981.3670000000004
EZB931,84.635.101/0001-29,747.4850000000004
FAO420,08.312.069/0001-62,6758.703599999996
FAO420,24.484.564/0001-05,7428.600999999999
FDCMS566,06.056.552/0001-06,998.3845999999999
FDSD033,16.602.613/0001-39,1509.3799999999994
FDSS836,14.064.187/0001-00,18.836000000000002
FDSS836,34.511.113/0001-73,29.144900000000003
FDV698,22.268.038/0001-82,1025.5255
FEB422,03.003.606/0001-79,4050.752299999997
FEMDS113,07.774.187/0001-20,784.2201
FEMDS113,26.038.648/0001-40,1554.4942
FER017,02.898.761/0001-38,207.15400000000002
FER017,03.957.205/0001-58,802.6619999999999
FER017,05.296.237/0001-85,321.052
FER017,05.873.866/0001-20,1202.6889999999999
FER017,07.054.090/0001-42,1213.64
FER017,07.994.000/0001-01,55.412000000000006
FER017,08.704.191/0001-84,43342.37129999999
FER017,08.809.967/0001-20,3110.3290000000015
FER017,09.168.412/0001-00,387.378
FER017,10.467.302/0001-28,73.304
FER017,12.429.880/0001-03,171.80699999999996
FER017,13.004.421/0001-32,140.044
FER017,15.715.911/0001-72,1026.612
FER017,15.761.533/0001-63,8877.01899999999
FER017,15.885.114/0001-33,150.0
FER017,18.467.473/0001-69,17636.408199999976
FER017,18.692.986/0001-73,13.624
FER017,19.276.854/0001-23,2368.9440000000004
FER017,20.776.648/0001-61,79.018
FER017,25.266.145/0001-60,100.028
FER017,27.160.187/0001-47,7447.610599999995
FER017,27.168.980/0001-92,304.244
FER017,34.740.696/0001-04,482.57800000000003
FER017,84.587.104/0001-34,777.7879999999999
FFM660,07.832.409/0001-13,1000.0
FFM660,22.997.712/0001-60,3343.5402999999997
FFM660,26.971.080/0001-16,1474.5704
FFM660,30.945.544/0001-97,534.2492
FFO084,15.138.466/0001-25,1177.2109999999998
FGM744,01.079.172/0001-65,696.634
FGM744,05.757.448/0001-78,66.9
FGM744,07.010.914/0001-82,244.37599999999998
FGM744,08.423.509/0001-59,53.7529
FGM744,26.270.040/0001-47,4904.2383999999975
FGM744,30.758.710/0001-46,86.35
FLSA913,04.522.986/0001-10,391.251
FLSA913,15.852.163/0001-70,3401.944999999996
FLSA913,75.558.817/0001-89,3619.7694000000006
FLSN627,07.493.220/0001-43,719.5378000000004
FSDS710,11.509.539/0001-97,21.1794
FTDS615,10.638.689/0001-38,16665.919999999995
FVL000,12.175.331/0001-41,4877.6091
FVL703,12.175.331/0001-41,6553.2464999999975
GAK202,05.743.393/0001-47,1909.7769999999998
GBO737,06.113.172/0001-58,301.0844
GBO737,08.809.967/0001-20,5958.259999999992
GBO737,11.572.199/0001-49,674.4621999999999
GBO737,11.638.909/0001-96,467.56719999999996
GBO737,34.740.696/0001-04,11923.067400000004
GBO737,84.587.104/0001-34,2645.194000000001
GBO737,84.623.768/0001-01,345.9368
GG016,01.021.056/0001-95,3180.1277999999998
GG016,13.451.416/0001-78,457.79640000000006
GG016,22.268.038/0001-82,4311.607899999999
GGP111,05.139.794/0001-92,430.899
GGP111,06.902.214/0001-30,460.86699999999996
GGP111,07.356.022/0001-38,10348.245000000004
GGP111,07.964.553/0001-03,999.9999999999997
GGP111,08.215.495/0001-88,981.0000000000001
GGP111,08.423.509/0001-59,264.97299999999996
GGP111,08.441.340/0001-60,1387.958
GGP111,08.978.287/0002-11,1194.2826000000002
GGP111,09.595.625/0001-18,327.92499999999995
GGP111,10.594.447/0001-90,1919.2511000000002
GGP111,10.957.111/0001-44,5838.727000000003
GGP111,11.978.421/0001-08,40.0
GGP111,17.577.288/0001-64,1899.9999999999995
GGP111,17.713.234/0001-89,367.0
GGP111,19.124.419/0001-83,200.0
GGP111,26.841.286/0001-21,150.0
GGP111,84.604.537/0001-50,170.0
GIFP386,14.362.469/0001-85,4698.1020000000035
GPDF580,06.056.552/0001-06,6236.4339
GPF008,26.971.080/0001-16,4089.4616000000005
GS615,14.751.104/0001-42,12001.801599999988
GS615,32.302.569/0001-06,471.6918
GTSB049,10.517.764/0001-02,274.5233
GVM421,34.478.149/0001-00,2713.2760000000003
GVM421,34.733.865/0001-89,4431.784999999998
HCDN685,05.561.745/0001-43,411.076
HCDN685,06.113.172/0001-58,718.4426000000001
HCDN685,07.109.924/0001-70,4058.5988000000016
HCDN685,07.300.911/0001-83,58.01
HCDN685,07.313.762/0001-97,1497.6084000000003
HCDN685,07.401.031/0001-01,206.639
HCDN685,08.251.412/0001-06,177.812
HCDN685,09.168.412/0001-00,131.96
HCDN685,09.525.413/0001-64,99.996
HCDN685,11.638.909/0001-96,100.29599999999999
HCDN685,16.852.111/0001-66,118.402
HCDN685,18.692.986/0001-73,658.3317999999998
HCDN685,24.090.101/0001-69,71.4
HFR654,05.800.300/0001-79,323.96950000000004
HM326,07.545.903/0001-05,1333.9542999999999
HM326,07.774.187/0001-20,207.77339999999998
HM326,26.038.648/0001-40,1287.48
HPA629,01.021.056/0001-95,2000.5020000000004
HPA629,10.754.732/0001-20,971.548
HPA629,26.971.080/0001-16,2084.25
HRAA916,12.175.331/0001-41,1716.4449999999997
HSRJ997,14.084.722/0001-86,959.1330000000003
HSRJ997,22.268.038/0001-82,45.51
HTV473,10.271.942/0001-68,3496.496899999999
HTV473,13.404.797/0001-34,634.9498000000001
HVDC342,02.898.761/0001-38,705.078
HVDC342,07.054.090/0001-42,58.125
HVDC342,08.704.191/0001-84,1246.0172000000007
HVDC342,09.168.412/0001-00,219.948
HVDC342,13.291.458/0001-99,217.77799999999996
HVDC342,15.715.911/0001-72,260.84000000000003
HVDC342,15.761.533/0001-63,456.94599999999997
HVDC342,18.467.473/0001-69,5910.27479999999
HVDC342,19.276.854/0001-23,1035.2840999999999
HVDC342,27.160.187/0001-47,846.9725999999999
IB014,05.952.031/0001-66,1132.6432999999997
IB014,07.223.293/0001-15,321.8
IB014,17.577.288/0001-64,51.152
IB114,04.476.104/0001-28,1242.2860000000012
IB114,07.772.404/0001-42,2295.4999999999986
IB114,08.004.403/0001-10,11153.396000000002
IB114,22.827.471/0003-72,1463.9058999999988
ICBF003,26.038.648/0001-40,896.8593000000001
ICL362,05.971.999/0001-30,429.9067
ICL362,07.313.762/0001-97,362.54639999999995
ICL362,15.885.114/0001-33,1574.0054999999998
IDS351,09.065.094/0001-51,1575.0972000000006
IDS351,10.778.505/0001-35,5621.045699999999
IDS351,21.513.910/0001-48,4944.174399999997
IDS351,22.575.371/0001-34,2537.245000000001
IDS351,24.392.930/0001-04,4734.715500000001
IDS351,24.484.564/0001-05,831.4649999999999
IDS351,26.753.771/0001-43,68.6875
IDS351,29.865.308/0001-81,3624.192399999998
IL562,01.129.338/0001-00,188.91400000000002
IL562,05.757.448/0001-78,595.3240000000001
IL562,07.010.914/0001-82,242.94799999999998
IL562,10.686.915/0001-56,221.45000000000002
IL562,29.130.738/0001-55,74.29599999999999
ILPO312,03.431.164/0001-61,2702.8000000000006
ILPO312,34.478.149/0001-00,1061.532
ILPO312,63.773.253/0003-80,1747.6839999999997
IOADS476,05.743.393/0001-47,453.579
IOR304,05.743.393/0001-47,6195.262999999998
IR161,02.093.134/0001-20,7585.640000000004
IR161,04.522.986/0001-10,300.993
IR161,15.852.163/0001-70,892.2189999999999
IR161,75.558.817/0001-89,1976.8700000000006
IR914,08.588.284/0001-90,1395.7095999999997
IRLB302,03.540.779/0001-26,3118.8795999999998
IRLB302,07.356.022/0001-38,267.1885
IRLB302,09.508.457/0001-86,4717.479999999998
IRR049,10.898.731/0001-50,1627.5279999999993
ITDS504,03.003.606/0001-79,8413.013899999998
JA026,05.195.317/0001-44,22.78
JA026,05.757.732/0001-44,1673.48
JA026,08.664.219/0001-05,45.12
JA026,08.905.855/0001-73,16869.30059999999
JA026,12.645.961/0001-32,48.38
JA026,14.206.102/0001-72,3707.930999999999
JA026,15.047.312/0001-28,1377.5582
JA026,15.167.766/0001-32,3854.202499999999
JA026,15.274.326/0001-84,182.95
JA026,18.017.944/0001-37,63081.260399999854
JA026,20.982.589/0001-88,598.916
JA026,21.597.378/0001-94,20773.66999999998
JA026,22.856.324/0001-69,80.47999999999999
JA026,27.752.372/0001-20,200.0
JADN271,02.069.459/0001-77,370.78000000000003
JADN271,03.957.205/0001-58,783.2460000000002
JADN271,03.984.734/0001-40,245.79000000000002
JADN271,08.809.967/0001-20,1746.1000000000006
JADN271,84.635.101/0001-29,5387.201599999997
JAM056,05.296.237/0001-85,2698.486000000001
JAM056,15.715.911/0001-72,44.14
JAM056,18.692.986/0001-73,8715.241000000005
JAM056,20.400.561/0001-95,200.0
JAM056,24.090.101/0001-69,3122.2040000000015
JAP028,19.138.008/0001-47,3740.1558999999993
JAP028,30.522.832/0001-39,353.00000000000006
JAPBG862,01.021.056/0001-95,30.769
JASM044,00.713.595/0001-22,7018.732499999997
JASM044,01.129.338/0001-00,4730.581999999999
JASM044,05.757.448/0001-78,40.202
JASM044,07.880.019/0001-19,182.27599999999998
JASM044,09.501.861/0001-28,300.0
JASM044,13.399.301/0001-81,135.0
JASM044,13.961.786/0001-55,600.4418000000001
JASM044,14.608.707/0001-90,510.0242
JASM044,22.882.054/0004-03,3135.0
JASM044,26.270.040/0001-47,3338.6275999999993
JB411,00.611.256/0001-35,1301.7459999999996
JB411,03.540.779/0001-26,46.582
JB411,04.689.550/0001-10,1129.742
JB411,09.021.679/0001-70,209.954
JB411,09.611.221/0001-70,340.36499999999995
JB411,17.713.234/0001-89,30.033
JBF000,20.198.439/0001-88,1887.7388000000003
JBJ664,10.754.732/0001-20,5654.0009999999975
JBJ664,11.851.021/0001-37,2110.2499999999995
JBJ664,26.892.657/0001-02,162.406
JBR212,08.215.495/0001-88,98.96999999999998
JBR212,08.423.509/0001-59,1124.1162000000002
JBV772,08.905.855/0001-73,2268.835
JBV772,15.379.051/0001-43,100.09
JBV772,18.017.944/0001-37,227.02499999999998
JBV772,21.597.378/0001-94,170.3304
JC386,04.505.890/0001-44,2747.081
JC386,08.061.596/0001-41,478.2998
JCA881,02.488.249/0001-13,195.772
JCD000,10.778.505/0001-35,1074.0571000000002
JCD000,22.795.132/0001-90,132.112
JCM110,08.099.859/0001-01,14010.891199999998
JCO271,14.743.232/0001-44,154.43269999999998
JCSS012,06.056.552/0001-06,18.8921
JCSS012,09.351.359/0001-88,2.07
JCSS012,13.380.881/0001-65,16.2382
JCSV204,02.093.134/0001-20,783.5265999999998
JCSV204,04.582.045/0001-72,1480.6758000000004
JCSV204,07.772.404/0001-42,509.65000000000003
JCSV204,15.852.163/0001-70,87.053
JCSV204,22.827.471/0003-72,2208.5330000000004
JCSV204,34.750.919/0001-14,20.15
JCSV204,75.558.817/0001-89,1186.6910000000003
JCT270,07.493.220/0001-43,4237.8564000000015
JDCV378,22.827.471/0003-72,2769.8520000000003
JDN100,05.930.683/0001-08,1748.1329999999998
JDN100,25.235.075/0001-82,1104.5601
JEF085,22.810.391/0001-42,2933.442600000001
JEF085,23.861.242/0001-75,1639.1191999999996
JEF085,30.524.139/0001-03,9757.83819999999
JEG103,01.079.172/0001-65,1248.4038000000003
JEG103,04.476.104/0001-28,61.508
JEG103,05.952.031/0001-66,419.7112
JEG103,07.223.293/0001-15,2213.7801999999997
JFA120,05.737.822/0001-73,4.1713000000000005
JFA120,11.204.016/0001-32,5.15
JFA120,63.659.726/0001-50,5.0
JFA120,84.539.337/0001-61,34.581199999999995
JFDC009,08.251.412/0001-06,76.2
JFDC009,09.470.628/0001-25,63.1
JFDC009,09.581.351/0001-08,128.26
JFDC009,12.429.880/0001-03,235.0
JFDC009,15.715.911/0001-72,3425.376
JFDC009,18.692.986/0001-73,1942.8279999999986
JFDC009,20.400.561/0001-95,872.0117999999998
JFDC009,24.090.101/0001-69,13875.948000000013
JG327,05.757.732/0001-44,25148.84569999993
JG327,08.470.149/0001-46,1000.2260000000001
JGB420,03.543.644/0001-14,1923.6219999999998
JGN386,05.952.031/0001-66,101.53999999999999
JGN386,07.223.293/0001-15,2708.050000000001
JGN386,08.609.390/0001-03,5932.990800000007
JGN386,27.148.454/0001-60,3540.0
JGP324,03.396.015/0001-09,2163.0484
JGP324,29.130.738/0001-55,4471.131199999996
JGS692,05.139.794/0001-92,1310.027
JGS692,14.608.707/0001-90,93.69240000000002
JGS692,29.908.468/0001-60,79.2576
JHADS559,04.224.409/0001-42,1921.5190999999995
JHC612,04.210.933/0001-64,549.0
JHC612,05.194.379/0001-31,301.08799999999997
JHC612,05.195.317/0001-44,35.0014
JHC612,05.296.237/0001-85,85.5394
JHC612,05.873.866/0001-20,412.10299999999995
JHC612,06.980.400/0001-97,1.5
JHC612,07.290.039/0001-30,23451.578999999972
JHC612,07.300.911/0001-83,36.72
JHC612,08.190.468/0001-06,281.45629999999994
JHC612,08.251.412/0001-06,1346.3319999999999
JHC612,08.809.967/0001-20,1159.7611
JHC612,09.581.351/0001-08,74.57
JHC612,10.480.089/0001-94,96.8086
JHC612,14.743.232/0001-44,436.344
JHC612,20.400.561/0001-95,210.0
JHC612,21.051.110/0001-52,500.0
JHC612,24.090.101/0001-69,857.7323
JHC612,24.723.897/0001-40,480.8164
JHC612,25.266.145/0001-60,394.9066
JHC612,26.041.366/0001-00,100.0
JHC612,34.740.696/0001-04,4452.797400000001
JHC612,84.587.104/0001-34,3054.4979999999996
JHQF022,06.056.552/0001-06,2684.9489999999983
JL009,04.818.357/0001-32,453.0
JLDNB018,17.558.542/0001-87,726.405
JLDS034,12.175.331/0001-41,8241.346300000003
JLDS034,30.522.832/0001-39,1372.884
JLS073,09.649.521/0001-49,682.8688000000001
JLS073,10.778.505/0001-35,521.4664000000001
JLS073,11.851.021/0001-37,2782.9991000000014
JLS073,26.971.080/0001-16,2169.8686999999995
JLS073,30.945.544/0001-97,3722.650899999999
JM343,06.056.552/0001-06,1521.2218999999996
JMFM074,06.056.552/0001-06,8449.784799999994
JP364,03.431.164/0001-61,3448.629299999999
JPA002,11.195.622/0001-39,55.6801
JPDS029,JPDS029,149.37
JPK093,10.731.901/0001-07,3468.711300000001
JPVN420,07.401.031/0001-01,33.965
JPVN420,08.251.412/0001-06,88.092
JPVN420,09.168.412/0001-00,33.2
JPVN420,15.837.784/0001-84,403.30999999999995
JPVN420,24.632.500/0001-04,2664.549000000001
JPVN420,27.160.187/0001-47,606.2089
JPVN420,27.819.461/0001-47,64.76
JPVN420,34.740.696/0001-04,37.11
JPVN420,84.587.104/0001-34,178.0
JRCDS995,02.694.303/0001-87,3540.923999999999
JRDST622,06.056.552/0001-06,498.92420000000004
JRF359,34.703.017/0001-27,121.37299999999999
JRF359,84.312.511/0001-39,1727.8755999999994
JRF359,84.328.434/0001-05,3578.907399999999
JRM191,05.139.794/0001-92,5381.049200000006
JRM191,08.215.495/0001-88,980.2443999999999
JRM191,08.423.509/0001-59,1188.0200000000002
JRM191,11.602.746/0001-91,2166.2418
JRM191,14.608.707/0001-90,2551.3150000000005
JRM191,17.967.047/0001-21,240.00119999999998
JRM191,29.908.468/0001-60,356.2602
JRO296,06.236.879/0001-51,6924.456200000004
JRO621,07.774.187/0001-20,331.276
JRSMB348,15.047.312/0001-28,69.12
JRSMB348,15.167.766/0001-32,58.179
JRSMB348,18.017.944/0001-37,2370.3311999999996
JRSMB348,21.597.378/0001-94,1699.3459999999998
JRVDC174,06.056.552/0001-06,192.167
JS060,03.783.668/0001-40,125.7829
JS060,07.223.293/0001-15,393.6293999999999
JS060,08.215.495/0001-88,713.9401999999998
JS060,10.594.447/0001-90,14.8656
JS060,17.577.288/0001-64,1449.5339999999994
JS060,17.967.047/0001-21,287.4785999999999
JS060,19.124.419/0001-83,424.82620000000003
JS060,32.923.187/0001-91,5857.6240000000025
JS060,63.786.446/0001-03,438.03919999999994
JS060,84.604.537/0001-50,39.16
JS557,18.043.873/0001-47,4198.476600000007
JSG903,22.140.785/0001-30,2724.231499999999
JSS835,04.174.043/0001-44,165.12399999999997
JSS835,12.429.880/0001-03,492.49000000000007
JSS835,13.291.458/0001-99,417.5867
JSS835,15.715.911/0001-72,136.96
JSS835,20.267.013/0001-39,191.2
JSS835,20.400.561/0001-95,20.01
JSS835,21.597.378/0001-94,80.80000000000001
JSS835,22.856.324/0001-69,102.18
JSS835,24.090.101/0001-69,1071.2990000000002
JSSJ216,08.099.859/0001-01,4872.8643
JSSJ216,09.525.413/0001-64,2040.4915000000008
JSSJ216,09.572.277/0001-63,911.4371999999998
JSSJ216,11.210.278/0001-00,102.896
JSSJ216,18.467.664/0001-20,8960.901799999996
JUL087,03.540.779/0001-26,383.572
JUL087,15.858.889/0001-10,120.9
JVC026,15.138.466/0001-25,2358.8540000000003
JVDS329,16.602.613/0001-39,1335.192
JVS314,05.561.745/0001-43,15818.093400000036
JVS314,05.960.778/0001-66,5809.160200000002
JVS314,06.005.192/0001-05,1009.6675999999999
JVS314,07.109.924/0001-70,173.29999999999995
JVS314,08.809.967/0001-20,633.7038
JVS314,27.168.980/0001-92,327.87
JVS314,84.587.104/0001-34,60.0
JWMA406,06.056.552/0001-06,4037.3814
JWMA406,07.774.187/0001-20,7877.394500000002
JWMA406,10.778.505/0001-35,2234.8021000000003
JWMA406,26.038.648/0001-40,300.1367
JWMS010,16.602.613/0001-39,4428.334000000002
JWNS094,10.271.942/0001-68,2121.545899999999
JWNS094,10.731.901/0001-07,6445.859199999998
JYH769,05.992.508/0001-37,1660.3809999999994
JYH769,07.245.977/0001-18,921.3980000000003
JYH769,20.400.561/0001-95,93.4
KCS404,04.970.492/0001-07,53.1829
KCS404,05.026.220/0001-08,308.398
KCS404,09.595.625/0001-18,706.5999999999999
KCS404,11.602.746/0001-91,607.1579999999998
KCS404,14.608.707/0001-90,1546.2839999999999
KCS404,17.577.288/0001-64,1454.0400000000002
KCS404,23.861.242/0001-75,1222.5202
KCS404,30.758.710/0001-46,243.20000000000002
KCS404,84.604.537/0001-50,236.0
LADS802,18.054.811/0001-30,2765.9669000000004
LADS802,24.392.930/0001-04,597.5653
LAS290,15.274.326/0001-84,2657.772
LAS290,21.322.606/0001-13,3524.328000000001
LCHG628,04.797.192/0001-60,3.025
LCHG628,05.877.150/0001-00,2.0
LCHG628,17.406.743/0001-69,9.03
LCHG628,19.519.142/0001-98,1.0
LCM068,03.431.164/0001-61,159.51600000000002
LFB622,04.582.045/0001-72,15.122
LFB622,27.894.727/0001-16,1065.6750000000002
LFB622,63.603.666/0001-54,600.319
LFT421,08.312.069/0001-62,30.0021
LFT421,09.065.094/0001-51,1024.0251
LFT421,20.240.538/0001-80,461.46439999999996
LFT421,22.575.371/0001-34,20.2351
LFT421,24.392.930/0001-04,825.1048000000001
LFT421,26.753.771/0001-43,3512.273
LFT421,29.865.308/0001-81,1941.5400000000002
LGDS233,15.016.849/0001-20,596.7897
LPM978,13.014.056/0001-47,20.856099999999998
LPV925,17.558.542/0001-87,783.6709999999999
LPV925,17.558.542/0002-68,1466.612
LS321,02.694.303/0001-87,1275.1988000000001
LSD021,10.898.731/0001-50,708.7719999999999
LSD021,13.404.797/0001-34,457.442
LSD021,15.138.466/0001-25,393.89099999999996
LSD021,19.138.008/0001-47,303.379
LSD021,22.140.785/0001-30,152.26000000000002
LSD021,30.522.832/0001-39,72.06700000000001
LSD021,31.769.601/0001-97,12488.440000000008
LSDS007,26.038.648/0001-40,953.3614000000002
LY234,07.835.262/0001-15,40.0
LY234,09.687.462/0001-01,470.0
LY234,63.649.511/0001-59,30.0
LY234,63.711.717/0001-61,20.0
MABF239,07.875.484/0001-61,31.5
MADSN830,15.016.849/0001-20,3538.8096000000014
MAL964,13.711.766/0001-26,5098.526299999998
MAL964,30.522.832/0001-39,162.22100000000003
MAMF316,05.607.401/0001-28,1818.9962
MAMF316,30.945.544/0001-97,2539.8045000000006
MAPDS630,06.079.847/0001-90,7060.0478
MBDNF207,02.093.134/0001-20,2812.0260000000017
MBF113,06.113.172/0001-58,296.146
MBF113,08.704.191/0001-84,1216.6420000000003
MBF113,15.761.533/0001-63,2999.0960000000005
MBF113,18.692.986/0001-73,1020.0699999999999
MBF113,19.276.854/0001-23,2942.7155999999995
MBF113,23.047.698/0001-04,144.93599999999998
MBF113,27.160.187/0001-47,2254.45
MBF113,27.168.980/0001-92,64.084
MBF113,34.740.696/0001-04,320.58799999999997
MBF113,84.587.104/0001-34,800.4760000000001
MBG289,18.054.811/0001-30,14.809999999999999
MCAP522,10.517.764/0001-02,6849.0295
MCOM638,MCOM638,4186.681499999997
MDCS220,08.312.069/0001-62,3644.2629999999995
MDCS220,10.778.505/0001-35,2094.2708999999995
MDPS234,02.093.134/0001-20,44.461
MDPS234,04.476.104/0001-28,90.749
MDPS234,04.522.986/0001-10,2420.6310000000003
MDPS234,11.978.421/0001-08,227.606
MDPS234,15.852.163/0001-70,62.019099999999995
MDPS234,75.558.817/0001-89,1734.6531999999988
MDSSS308,52.926.128/0001-84,735.2021000000002
MFDA741,00.641.390/0001-89,89.99999999999999
MFDA741,02.898.761/0001-38,336.82680000000005
MFDA741,03.957.205/0001-58,1518.2424000000008
MFDA741,08.809.967/0001-20,138.926
MFDA741,22.635.807/0001-33,40.0126
MG326,12.175.331/0001-41,1480.389
MGN005,01.919.515/0001-52,20.0
MGN005,03.752.259/0001-87,80.0
MGN005,04.242.657/0001-16,60.0
MGN005,07.835.262/0001-15,280.0
MGN005,09.687.462/0001-01,160.0
MGN005,63.649.511/0001-59,300.0
MGN005,63.711.717/0001-61,80.0
MHLDR613,22.268.038/0001-82,14602.703000000012
MIOA626,05.737.822/0001-73,4.8949
MIOA626,11.204.016/0001-32,7.8492999999999995
MIOA626,63.659.726/0001-50,14.245000000000001
MIOA626,84.539.337/0001-61,28.6186
MJD095,07.880.019/0001-19,417.70799999999997
MKN030,01.021.056/0001-95,9562.394499999997
MLPCF215,08.423.509/0001-59,825.0
MLS133,09.065.094/0001-51,3704.878500000001
MMS343,07.774.187/0001-20,524.8276
MO509,01.919.515/0001-52,75.0
MO509,03.752.259/0001-87,36.0
MO509,07.457.372/0001-90,54.0
MO509,07.835.262/0001-15,380.0
MO509,63.649.511/0001-59,1023.0
MO509,63.711.717/0001-61,40.0
MOCB230,22.949.060/0001-98,3485.439300000001
MOS758,09.065.094/0001-51,15183.134799999989
MOS758,10.778.505/0001-35,58.0
MOS758,26.753.771/0001-43,5921.492499999999
MP112,03.984.734/0001-40,144.786
MP112,05.561.745/0001-43,87.2228
MP112,07.313.762/0001-97,1570.9653999999996
MP112,08.809.967/0001-20,5427.080799999994
MP112,09.168.412/0001-00,190.14
MP112,11.638.909/0001-96,200.0
MP112,13.004.421/0001-32,112.04
MP112,27.168.980/0001-92,103.2
MPD220,08.070.975/0001-06,1106.7740000000003
MPG230,02.694.303/0001-87,1490.6361
MRBV060,05.930.683/0001-08,16630.027400000017
MRBV060,18.912.631/0001-42,1141.3311
MRBV060,84.621.101/0001-70,2542.9179999999974
NAVL575,04.522.986/0001-10,378.49739999999997
NCL285,08.097.526/0001-43,55.478
NCL285,10.467.302/0001-28,37.219
NCL285,15.800.916/0001-01,1119.1484
NCL285,19.768.600/0001-22,91.5024
NCL285,24.090.101/0001-69,52.879
NFR446,10.754.732/0001-20,2948.8787000000025
NGDS000,11.851.021/0001-37,2055.5572
NJGL405,09.359.296/0001-06,95.477
NJGL405,19.051.288/0001-51,62.867999999999995
NJGL405,21.372.398/0001-67,6863.162199999994
NJGL405,22.949.060/0001-98,900.3181999999999
NK113,08.441.340/0001-60,989.6860000000004
NK113,10.594.447/0001-90,7511.016200000004
NK113,10.686.915/0001-56,70.004
NK113,10.957.111/0001-44,256.936
NK113,17.713.234/0001-89,5145.022800000004
NK113,22.810.391/0001-42,956.3052000000004
NK113,30.524.139/0001-03,1434.342
NLM422,03.691.701/0001-02,18876.11350000001
NLM422,11.484.083/0001-58,1645.987
NLM422,25.235.075/0001-82,1000.0000000000001
NMGC424,10.749.178/0001-93,2031.5034000000007
NS054,11.125.112/0001-95,4915.944999999996
OAB401,02.898.761/0001-38,790.4700000000001
OAB401,03.784.107/0001-66,137.75
OAB401,05.971.999/0001-30,552.52
OAB401,08.809.967/0001-20,30.0
OAB401,11.572.199/0001-49,214.82700000000003
OAB401,15.885.114/0001-33,25525.03989999992
OAB401,84.623.768/0001-01,527.0
OADS615,19.138.008/0001-47,6956.071700000003
OCG078,03.691.701/0001-02,125.026
OCG078,11.909.349/0001-67,94.98
OCG078,18.394.143/0001-90,903.2180000000001
OCG078,19.693.053/0001-63,2850.2004
ODS473,15.698.910/0001-67,5.4705
ODSN852,14.608.707/0001-90,4410.096600000001
ODSN852,17.713.234/0001-89,1228.1240000000005
ODSN852,22.810.391/0001-42,541.284
ODSN852,30.524.139/0001-03,9864.569800000001
OFP135,10.898.731/0001-50,857.7340000000002
OFP135,12.175.331/0001-41,840.2504999999999
OGB025,03.540.779/0001-26,1185.735
OGB025,07.324.827/0001-08,200.00050000000002
OGB025,08.215.495/0001-88,64.2732
OGB025,10.957.111/0001-44,73.025
OGB025,15.858.889/0001-10,2048.6717
OGB025,18.024.894/0001-15,248.119
OMM063,18.114.750/0001-50,17450.743500000004
OTL410,16.602.613/0001-39,7180.245599999995
PCM054,03.957.205/0001-58,694.5279999999997
PCM054,04.607.462/0001-22,2369.23
PCM054,05.194.379/0001-31,200.0
PCM054,05.575.355/0001-22,1800.0
PCM054,06.032.582/0001-74,9560.164600000002
PCM054,07.109.924/0001-70,619.36
PCM054,07.519.552/0001-50,1969.2299999999998
PCM054,08.809.967/0001-20,7815.966000000001
PCM054,14.585.483/0001-48,3385.9597999999987
PCM054,15.498.804/0001-30,4033.1452000000013
PCM054,17.586.726/0001-50,110.02199999999999
PCM054,28.399.481/0001-79,28.700000000000003
PDCV618,04.228.573/0001-28,315.91400000000004
PGN161,05.757.732/0001-44,1793.6742000000004
PLR705,09.168.412/0001-00,2232.225999999999
PLR705,10.467.302/0001-28,7748.335000000002
PLR705,11.638.909/0001-96,42.2
PLR705,16.852.111/0001-66,214.02000000000004
PLR705,19.768.600/0001-22,245.09620000000004
PN077,08.978.287/0002-11,401.10000000000014
PN077,09.595.625/0001-18,250.0
PRG887,09.292.800/0001-06,2945.5184999999988
PRG887,15.138.466/0001-25,3242.8210000000004
PRG887,19.138.008/0001-47,1469.2976999999996
PSS929,08.190.468/0001-06,6162.717100000008
PVG467,05.026.220/0001-08,2197.569999999999
PVG467,05.139.794/0001-92,2266.7659999999996
PVG467,14.608.707/0001-90,1039.5359999999998
PVG467,22.827.471/0003-72,2602.5679999999993
PVN593,08.978.287/0002-11,904.5720000000003
PVN593,09.595.625/0001-18,112.14999999999999
PVN593,10.686.915/0001-56,316.99100000000004
PVN593,11.978.421/0001-08,655.1338
RAL009,12.175.331/0001-41,6023.501000000002
RAQ000,07.832.409/0001-13,1000.2492
RAQ000,15.016.849/0001-20,1431.6727999999998
RAQ000,22.997.712/0001-60,896.0
RAQ000,26.971.080/0001-16,1411.4049
RAQ000,30.945.544/0001-97,56.2534
RAS011,04.963.376/0001-52,1848.3029999999999
RAS011,12.645.961/0001-32,4265.020900000003
RAS011,20.267.013/0001-39,1287.8090000000002
RAV006,04.522.986/0001-10,1514.7820000000002
RAV006,15.852.163/0001-70,125.688
RAV006,75.558.817/0001-89,729.4825000000001
RBRJ006,26.971.080/0001-16,203.22
RBRJ006,30.945.544/0001-97,3492.3132000000014
RD575,14.608.707/0001-90,291.0992
RD575,17.967.047/0001-21,498.31320000000005
RD575,29.908.468/0001-60,1729.5305000000003
RFMF400,04.522.986/0001-10,1160.6866000000002
RFRF928,22.997.712/0001-60,2143.3296
RGDS025,15.016.849/0001-20,1254.946
RGDS025,RGDS025,1153.28
RH764,10.754.732/0001-20,2526.3299999999995
RMDC007,13.404.797/0001-34,2137.8313
RMDS643,18.054.811/0001-30,5220.614600000002
RMDS643,24.392.930/0001-04,2383.050100000001
RMF006,04.522.986/0001-10,4900.367999999999
RMF006,06.160.206/0001-65,695.5119999999998
RMF006,08.609.390/0001-03,212.882
RMF006,14.159.781/0001-76,229.345
RMF006,22.827.471/0003-72,3467.1699999999933
RMF006,75.558.817/0001-89,2333.7660000000005
RMS569,24.484.564/0001-05,4831.824400000001
RMSS589,07.493.220/0001-43,1181.5192999999997
RNCDM611,02.694.303/0001-87,4640.577099999999
RNCDM611,11.851.021/0001-37,4620.361900000001
RNGN007,08.794.692/0001-07,1246.3547999999994
RPFM577,21.372.398/0001-67,11608.186399999997
RRI791,07.245.977/0001-18,973.4160999999998
RRI791,07.401.031/0001-01,137.709
RRI791,12.429.880/0001-03,286.3039
RRI791,14.784.005/0001-67,150.0
RRI791,15.837.784/0001-84,81.346
RRI791,19.924.799/0001-30,293.47700000000003
RRL076,05.902.342/0001-10,27.0207
RRL724,21.513.910/0001-48,97.88
RS044,09.065.094/0001-51,8620.391199999998
RS044,10.778.505/0001-35,2809.0432000000005
RS044,20.240.538/0001-80,353.7170999999999
RS044,21.513.910/0001-48,357.23300000000006
RS044,22.575.371/0001-34,328.9421
RS044,24.392.930/0001-04,570.9469
RS044,29.865.308/0001-81,201.65890000000002
RSC234,05.743.393/0001-47,2884.5182999999997
RSC234,RSC234,1102.8190000000006
RSJ199,01.801.325/0001-36,1039.8
RSJ199,03.691.701/0001-02,1052.1000000000001
RSJ199,05.930.683/0001-08,9656.472
RSJ199,06.346.425/0001-33,14531.53199999999
RSJ199,10.660.278/0001-49,3153.307000000001
RSJ199,13.232.379/0001-07,1548.5
RSJ199,17.846.623/0001-82,295.985
RSJ199,18.394.143/0001-90,2570.871100000001
RSJ199,18.553.988/0001-81,4827.892200000002
RSJ199,18.912.631/0001-42,650.517
RSJ199,19.678.293/0001-99,3000.000000000001
RSJ199,19.693.053/0001-63,4522.988699999997
RSJ199,20.793.969/0001-74,1222.9598000000003
RSJ199,20.801.732/0001-98,10574.510000000006
RSJ199,20.982.589/0001-88,9442.989099999995
RSJ199,21.565.220/0001-32,34663.38290000001
RSJ199,24.795.800/0001-04,1388.8830000000003
RSJ199,25.235.075/0001-82,9410.234000000006
RSJ199,28.399.118/0001-53,4888.331100000001
RSJ199,30.364.126/0001-06,1765.6560000000002
RSJ199,84.621.101/0001-70,610.0
RSJC023,00.611.256/0001-35,8514.045999999995
RSJC023,01.079.172/0001-65,1382.5539999999999
RSJC023,04.689.550/0001-10,3806.1400000000012
RT543,RT543,1000.0
RVR426,04.911.954/0001-07,17748.907000000054
RVR426,34.733.618/0001-82,4920.266900000002
SA041,03.691.701/0001-02,229.0
SA041,04.813.204/0001-00,92.47999999999999
SA041,05.195.317/0001-44,5897.557399999999
SA041,05.757.732/0001-44,708.7299999999998
SA041,08.664.219/0001-05,420.00000000000006
SA041,08.905.855/0001-73,876.4959999999999
SA041,15.167.766/0001-32,2641.4105999999983
SA041,15.274.326/0001-84,67.05
SA041,15.379.051/0001-43,6820.007
SA041,15.608.399/0001-65,144.99999999999997
SA041,17.095.387/0001-00,7256.475999999997
SA041,20.793.969/0001-74,6034.898499999999
SA041,21.322.606/0001-13,2503.6200000000003
SA041,24.795.800/0001-04,150.0
SADPAG341,08.441.340/0001-60,31.1992
SADPAG341,09.595.625/0001-18,1903.739099999998
SADS301,22.949.060/0001-98,2623.4154000000017
SAN960,06.259.687/0001-60,10970.430499999986
SAP078,18.054.811/0001-30,1694.8689999999995
SAV369,13.404.797/0001-34,6607.082999999994
SAV369,22.949.060/0001-98,20791.120199999983
SBA040,04.522.986/0001-10,268.1034
SBA040,JRG653,113.9187
SBE029,21.513.910/0001-48,1706.1658000000002
SDSV681,24.661.396/0001-86,4186.4946
SEDR443,01.801.325/0001-36,9667.452599999991
SEDR443,11.909.349/0001-67,6418.103400000004
SEDR443,20.744.145/0001-04,13510.385600000003
SEDR443,27.402.458/0001-23,1099.4605000000001
SFL313,07.545.903/0001-05,1522.6358000000002
SK189,08.588.284/0001-90,173.4197
SP068,05.561.745/0001-43,2330.9664999999986
SP068,05.960.778/0001-66,2053.4654
SP068,06.005.192/0001-05,185.31980000000001
SP068,08.809.967/0001-20,53.009
SP068,63.792.915/0001-05,30.0562
SRP519,10.517.764/0001-02,10.4849
SSDS701,21.091.184/0001-12,6666.789400000001
SSV845,24.392.930/0001-04,73.42199999999998
TDGA904,13.742.629/0001-59,1350.9486000000002
TDGA904,28.455.108/0001-98,3783.6258000000007
TEDA526,04.210.933/0001-64,362.0502
TEDA526,05.992.508/0001-37,186.01999999999998
TEDA526,06.284.994/0001-00,115.0729
TEDA526,08.251.412/0001-06,135.02
TEDA526,08.809.967/0001-20,227.92919999999998
TEDA526,09.168.412/0001-00,209.654
TEDA526,11.572.199/0001-49,337.0506
TEDA526,14.743.232/0001-44,22.941
TEDA526,18.692.986/0001-73,115.47
TEDA526,19.768.600/0001-22,71.6914
TEDA526,20.400.561/0001-95,58.66
TEDA526,22.635.807/0001-33,73.60000000000001
TEDA526,24.090.101/0001-69,278.01099999999997
TEDA526,24.723.897/0001-40,33.15
TEDA526,26.041.366/0001-00,366.78420000000006
TEDA526,27.379.232/0001-59,30.013
TEDA526,84.587.104/0001-34,511.77199999999993
TEDA526,84.623.768/0001-01,535.4941
VA931,10.731.901/0001-07,1106.4750000000001
VAF113,24.484.564/0001-05,1698.771
VAF113,26.753.771/0001-43,1559.9960000000026
VAR588,10.778.505/0001-35,1594.4320000000002
VDSF346,10.778.505/0001-35,464.29800000000006
VDSF346,24.392.930/0001-04,3648.9432
VDSF346,26.753.771/0001-43,11205.4558
VFJ150,01.079.172/0001-65,2102.258
VFJ150,05.952.031/0001-66,1750.596
VFJ150,07.223.293/0001-15,342.67
VJOT792,09.111.065/0001-89,18002.201799999977
VJOT792,20.982.589/0001-88,3383.3608000000004
VJS389,17.558.542/0001-87,5881.847000000003
VMDS666,22.575.371/0001-34,262.59099999999995
VMDS666,VMDS666,1391.0
VODS502,05.743.393/0001-47,1113.5220000000002
VPA287,04.963.376/0001-52,22.864
VPA287,84.587.104/0001-34,207.24180000000007
VPA703,06.079.847/0001-90,3871.1013
VPA703,10.898.731/0001-50,714.1582000000003
VPA703,22.140.785/0001-30,169.38100000000003
VRC693,08.834.084/0002-51,3159.5199000000002
VRC693,10.754.732/0001-20,3622.430999999999
VRC693,VRC693,3030.5642000000003
VRR047,10.731.901/0001-07,1323.8125000000002
VRR047,10.898.731/0001-50,2713.4519999999998
VRR047,13.404.797/0001-34,181.493
VRR047,19.138.008/0001-47,73.386
VRR047,30.522.832/0001-39,103.64699999999999
VRR047,31.769.601/0001-97,2719.0390000000025
VS554,07.493.220/0001-43,870.582
VSF130,13.404.797/0001-34,4223.057899999999
VSR114,22.268.038/0001-82,5427.617699999997
VVS949,10.898.731/0001-50,5270.913499999997
VVS949,29.518.589/0001-04,1451.8069999999998
WBD641,06.230.992/0001-20,60.0
WBD641,84.449.966/0001-09,132.34609999999998
WBDS677,07.774.187/0001-20,339.5825999999999
WBDS677,26.038.648/0001-40,1864.6936000000003
WF074,84.623.768/0001-01,43.1
WFP413,26.971.080/0001-16,1329.4861999999998
WGAJ494,20.745.985/0001-91,2857.700999999999
WGAJ494,26.971.080/0001-16,8095.5619000000015
WLF581,06.079.847/0001-90,201.17200000000003
WLF581,10.563.897/0001-15,3225.428
WLF581,10.731.901/0001-07,219.81820000000002
WLF581,10.898.731/0001-50,154.08
WLF581,15.138.466/0001-25,445.58
WLF581,19.138.008/0001-47,3282.616000000002
WLF581,30.522.832/0001-39,3558.1420000000003
WLF581,31.769.601/0001-97,1357.3029999999997
WMS459,05.026.220/0001-08,343.568
WMS459,22.827.471/0003-72,7612.469999999999
WMS459,30.758.710/0001-46,924.2999999999998
